"species","species_code","model","mean","q2.5","q5","q95","q97.5","excludes_zero_90","excludes_zero_95","ci_conclusion_changes"
"Abert's Towhee","ABTO","anthro",1.03510419833411,-0.0904672157,0.0985481339000001,1.966202815,2.1389155925,TRUE,FALSE,TRUE
"Acadian Flycatcher","ACFL","anthro",-2.9848479844375,-3.36188233,-3.296743515,-2.68063332,-2.62059086,TRUE,TRUE,FALSE
"Acorn Woodpecker","ACWO","anthro",-1.665880107161,-2.6674381225,-2.50497873,-0.793021315500002,-0.6265641375,TRUE,TRUE,FALSE
"Alder Flycatcher","ALFL","anthro",-1.15179745818613,-1.76760663,-1.665513895,-0.652362274000001,-0.56100991025,TRUE,TRUE,FALSE
"Allen's Hummingbird","ALHU","anthro",-0.062883514910635,-1.50744902,-1.278979275,1.12044182,1.350541865,FALSE,FALSE,FALSE
"American Avocet","AMAV","anthro",0.715486139270911,-0.00662906947499999,0.1092763785,1.31819657,1.422430315,TRUE,FALSE,TRUE
"American Bittern","AMBI","anthro",0.0130554503997109,-0.64053031875,-0.539731038,0.5667450205,0.67147826475,FALSE,FALSE,FALSE
"American Black Duck","ABDU","anthro",-1.29972512614309,-2.4859428825,-2.267114945,-0.336158743,-0.168347383250002,TRUE,TRUE,FALSE
"American Coot","AMCO","anthro",-0.0041925239852195,-0.61918664625,-0.52460838,0.5030134205,0.60008226725,FALSE,FALSE,FALSE
"American Crow","AMCR","anthro",0.102849052633317,-0.088146640025,-0.0537676298,0.2546147315,0.28363324475,FALSE,FALSE,FALSE
"American Dipper","AMDI","anthro",-0.219675336948362,-1.40444797,-1.231879575,0.780361988,0.984831389,FALSE,FALSE,FALSE
"American Goldfinch","AMGO","anthro",0.91860393008375,0.72747645725,0.758722305,1.075919815,1.1023090775,TRUE,TRUE,FALSE
"American Kestrel","AMKE","anthro",1.09110646109375,0.87030565575,0.904054003,1.27330367,1.3068229075,TRUE,TRUE,FALSE
"American Oystercatcher","AMOY","anthro",1.69856029184238,0.176983301,0.436299155,2.942590065,3.1702749725,TRUE,TRUE,FALSE
"American Pipit","AMPI","anthro",-0.0282565628422831,-1.9763231675,-1.67732788,1.618680775,1.9320703675,FALSE,FALSE,FALSE
"American Redstart","AMRE","anthro",-2.71020160185,-3.122154655,-3.05554076,-2.372865315,-2.313868545,TRUE,TRUE,FALSE
"American Robin","AMRO","anthro",1.37472475420625,1.2048494175,1.23121713,1.516635085,1.5464429425,TRUE,TRUE,FALSE
"American Three-toed Woodpecker","ATTW","anthro",-0.651503695928523,-2.399702235,-2.12247478,0.862410127999999,1.1352428775,FALSE,FALSE,FALSE
"American White Pelican","AWPE","anthro",0.45387074232024,-0.31248657,-0.1860620575,1.099522945,1.2200001325,FALSE,FALSE,FALSE
"American Wigeon","AMWI","anthro",-0.296887008628967,-0.9916773625,-0.89017651,0.300011077,0.399718925999999,FALSE,FALSE,FALSE
"American Woodcock","AMWO","anthro",-0.223449280207545,-0.88308658,-0.773284448,0.320206028,0.42295389325,FALSE,FALSE,FALSE
"Anhinga","ANHI","anthro",-0.128426588609806,-0.89002495525,-0.7642812815,0.5131084,0.6480076425,FALSE,FALSE,FALSE
"Anna's Hummingbird","ANHU","anthro",0.15784867631113,-0.399099987,-0.311215661,0.63311661,0.72438822825,FALSE,FALSE,FALSE
"Ash-throated Flycatcher","ATFL","anthro",-1.72576329504,-2.2936420175,-2.19837821,-1.25235142,-1.1494477,TRUE,TRUE,FALSE
"Audubon's Oriole","AUOR","anthro",-0.8408016103692,-2.2501257925,-2.011358545,0.384197482999999,0.607556002499999,FALSE,FALSE,FALSE
"Bachman's Sparrow","BACS","anthro",-0.731957881654627,-1.941099405,-1.737793235,0.296200460999999,0.469267927749999,FALSE,FALSE,FALSE
"Baird's Sparrow","BAIS","anthro",0.248264290068334,-0.96414635825,-0.7533687875,1.24947811,1.4176112325,FALSE,FALSE,FALSE
"Bald Eagle","BAEA","anthro",0.281235824883039,-0.026619026,0.02020747665,0.538726573,0.58779157725,TRUE,FALSE,TRUE
"Baltimore Oriole","BAOR","anthro",0.58291651767375,0.320348049,0.364984034,0.8029718235,0.84911608425,TRUE,TRUE,FALSE
"Band-tailed Pigeon","BTPI","anthro",-0.157351564090933,-1.0345576375,-0.893801996,0.5850082555,0.7194023465,FALSE,FALSE,FALSE
"Bank Swallow","BANS","anthro",1.37991960360375,0.70557496825,0.8296195255,1.937588395,2.0215106225,TRUE,TRUE,FALSE
"Barn Swallow","BARS","anthro",1.9071239834625,1.72716995,1.75374752,2.055817245,2.08852777,TRUE,TRUE,FALSE
"Barred Owl","BADO","anthro",-0.47332452549145,-0.7676912625,-0.717330275,-0.232648512,-0.185317975,TRUE,TRUE,FALSE
"Barrow's Goldeneye","BAGO","anthro",-0.533239963254549,-2.4777153125,-2.15662089,1.07127482,1.429014355,FALSE,FALSE,FALSE
"Bay-breasted Warbler","BBWA","anthro",-0.445303390566663,-2.1680482875,-1.89748163,1.014811015,1.304285755,FALSE,FALSE,FALSE
"Bell's Sparrow","BESP","anthro",-0.09329921979104,-1.8228621175,-1.513637945,1.315249475,1.5797552525,FALSE,FALSE,FALSE
"Bell's Vireo","BEVI","anthro",-1.103660118006,-1.726115365,-1.627873705,-0.588305103,-0.48388338825,TRUE,TRUE,FALSE
"Belted Kingfisher","BEKI","anthro",-0.447302345618313,-0.6598207545,-0.6239067755,-0.275660324,-0.2417944675,TRUE,TRUE,FALSE
"Bendire's Thrasher","BETH","anthro",1.01852036240141,-0.3596686435,-0.112440731,2.127747185,2.3691492775,FALSE,FALSE,FALSE
"Bewick's Wren","BEWR","anthro",-1.00934472885325,-1.5229852175,-1.44620834,-0.5675445585,-0.487077936750001,TRUE,TRUE,FALSE
"Black Phoebe","BLPH","anthro",1.42880069294375,0.8798112545,0.9696167945,1.883610325,1.9687494475,TRUE,TRUE,FALSE
"Black Skimmer","BLSK","anthro",-0.102585293456365,-1.5113777925,-1.28107874,1.075263185,1.306512945,FALSE,FALSE,FALSE
"Black Swift","BLSW","anthro",0.121971429301244,-1.4662517725,-1.211432395,1.463493985,1.725167265,FALSE,FALSE,FALSE
"Black Tern","BLTE","anthro",0.0647976680886679,-0.9289570035,-0.76068382,0.891170559,1.055346485,FALSE,FALSE,FALSE
"Black Vulture","BLVU","anthro",0.722095847346637,0.34905742975,0.4042411785,1.03921917,1.09820735,TRUE,TRUE,FALSE
"Black-and-white Warbler","BAWW","anthro",-3.59122062055,-4.0201125825,-3.947726415,-3.23285867,-3.158381605,TRUE,TRUE,FALSE
"Black-backed Woodpecker","BBWO","anthro",-0.466121772999922,-2.232762145,-1.94256346,1.00919101,1.30538554,FALSE,FALSE,FALSE
"Black-bellied Whistling-Duck","BBWD","anthro",1.25661492653537,0.5691595235,0.6830556265,1.826887975,1.9416971725,TRUE,TRUE,FALSE
"Black-billed Cuckoo","BBCU","anthro",-0.805064969305625,-1.1925778675,-1.131709795,-0.4766461815,-0.41636228025,TRUE,TRUE,FALSE
"Black-billed Magpie","BBMA","anthro",1.74133697841,1.13684604,1.23503874,2.244481015,2.3347903875,TRUE,TRUE,FALSE
"Black-capped Chickadee","BCCH","anthro",-0.785724299,-1.0857442,-1.04248637,-0.5281973485,-0.478986328,TRUE,TRUE,FALSE
"Black-capped Vireo","BCVI","anthro",0.111040143021231,-1.75049181,-1.47596542,1.69683422,2.01097079,FALSE,FALSE,FALSE
"Black-chinned Hummingbird","BCHU","anthro",-0.0590853701429762,-0.602668367,-0.5275785565,0.416440023,0.5104409205,FALSE,FALSE,FALSE
"Black-chinned Sparrow","BCSP","anthro",0.129566856140727,-1.8091635275,-1.480967025,1.72361698,2.03374044,FALSE,FALSE,FALSE
"Black-crested Titmouse","BCTI","anthro",0.0715560662600502,-0.954505495,-0.8018532795,0.9469406255,1.100119495,FALSE,FALSE,FALSE
"Black-crowned Night-Heron","BCNH","anthro",0.5513964692413,0.012072864025,0.0981757375000001,1.019922235,1.1026575425,TRUE,TRUE,FALSE
"Black-headed Grosbeak","BHGR","anthro",-0.961872108573637,-1.44966592,-1.374629555,-0.5375944985,-0.449385358,TRUE,TRUE,FALSE
"Black-necked Stilt","BNST","anthro",1.12720450906175,0.450497311,0.5601551395,1.683151265,1.7948611625,TRUE,TRUE,FALSE
"Black-tailed Gnatcatcher","BTGN","anthro",-2.3616329263075,-3.3867061325,-3.21752288,-1.491280265,-1.3144550925,TRUE,TRUE,FALSE
"Black-throated Blue Warbler","BTBW","anthro",-4.6301635032875,-5.6817882575,-5.49585497,-3.74245512,-3.5742026725,TRUE,TRUE,FALSE
"Black-throated Gray Warbler","BTYW","anthro",-2.00699288104375,-3.057989415,-2.898587535,-1.145958575,-0.987166973250001,TRUE,TRUE,FALSE
"Black-throated Green Warbler","BTNW","anthro",-4.8782001509,-5.64614284,-5.53640647,-4.195460065,-4.0721423375,TRUE,TRUE,FALSE
"Black-throated Sparrow","BTSP","anthro",-2.9512556279275,-4.1779163175,-3.95899153,-1.92344259,-1.71325936,TRUE,TRUE,FALSE
"Blackburnian Warbler","BLBW","anthro",-4.0032259676875,-4.9786833625,-4.83111158,-3.16136951,-2.9890766225,TRUE,TRUE,FALSE
"Blackpoll Warbler","BLPW","anthro",-0.448670209894301,-2.297734605,-1.996162805,1.116694295,1.3895082325,FALSE,FALSE,FALSE
"Blue Grosbeak","BLGR","anthro",0.219058375359393,-0.023078933,0.0192578727,0.4205038665,0.45593006875,TRUE,FALSE,TRUE
"Blue Jay","BLJA","anthro",0.176410528061325,0.031038300125,0.05472456765,0.2962494295,0.3217611805,TRUE,TRUE,FALSE
"Blue-gray Gnatcatcher","BGGN","anthro",-2.0199395022,-2.2852695525,-2.243408795,-1.796705745,-1.7478803475,TRUE,TRUE,FALSE
"Blue-headed Vireo","BHVI","anthro",-4.6159951640875,-5.2448435575,-5.15338552,-4.084523495,-3.9817875875,TRUE,TRUE,FALSE
"Blue-winged Teal","BWTE","anthro",0.887666336651125,0.400728496,0.480125104,1.29299108,1.3759152825,TRUE,TRUE,FALSE
"Blue-winged Warbler","BWWA","anthro",-1.93485526702625,-2.5429630875,-2.449685445,-1.42780955,-1.32318904,TRUE,TRUE,FALSE
"Boat-tailed Grackle","BTGR","anthro",0.468235530529573,-0.563759914,-0.403763065,1.366288285,1.5231337525,FALSE,FALSE,FALSE
"Bobolink","BOBO","anthro",0.67305799151178,0.1617016125,0.244587181,1.099566825,1.1772408825,TRUE,TRUE,FALSE
"Boreal Chickadee","BOCH","anthro",-0.308573028942931,-2.1817706025,-1.901810455,1.336153385,1.64417481,FALSE,FALSE,FALSE
"Botteri's Sparrow","BOSP","anthro",-0.732078521673658,-2.1631998675,-1.937361445,0.484661651499998,0.747715399249999,FALSE,FALSE,FALSE
"Brewer's Blackbird","BRBL","anthro",1.9741837064875,1.5347720725,1.60534343,2.33682416,2.395280935,TRUE,TRUE,FALSE
"Brewer's Sparrow","BRSP","anthro",-1.57763809866375,-2.35198478,-2.21941391,-0.9424295835,-0.826331247,TRUE,TRUE,FALSE
"Bridled Titmouse","BRTI","anthro",0.259857574995526,-1.6016806575,-1.28443417,1.81485668,2.101443115,FALSE,FALSE,FALSE
"Broad-billed Hummingbird","BBIH","anthro",0.010423681592875,-1.998868165,-1.638419335,1.689217685,1.9858618175,FALSE,FALSE,FALSE
"Broad-tailed Hummingbird","BTAH","anthro",-1.82396084519156,-3.1944478225,-2.973324055,-0.674986662000001,-0.462766279250001,TRUE,TRUE,FALSE
"Broad-winged Hawk","BWHA","anthro",-1.53712295817375,-1.85957063,-1.803705435,-1.265316845,-1.216777235,TRUE,TRUE,FALSE
"Bronzed Cowbird","BROC","anthro",0.239343867579399,-0.6248493705,-0.4823453775,0.9596525915,1.0839666875,FALSE,FALSE,FALSE
"Brown Creeper","BRCR","anthro",-2.0742118093,-2.589217185,-2.507415775,-1.64125625,-1.5619634775,TRUE,TRUE,FALSE
"Brown Pelican","BRPE","anthro",-0.680667447464747,-2.1588789125,-1.94516343,0.601516787999999,0.86467403725,FALSE,FALSE,FALSE
"Brown Thrasher","BRTH","anthro",0.63933231052875,0.47115493075,0.497750595,0.7828453185,0.81370501775,TRUE,TRUE,FALSE
"Brown-crested Flycatcher","BCFL","anthro",-1.44527757876871,-2.6121108875,-2.416221525,-0.4674546125,-0.279481967250001,TRUE,TRUE,FALSE
"Brown-headed Cowbird","BHCO","anthro",1.03590324927125,0.88987689275,0.9105018445,1.159697135,1.1801840575,TRUE,TRUE,FALSE
"Brown-headed Nuthatch","BHNU","anthro",-1.2211910703025,-1.8398434825,-1.7264151,-0.7242723245,-0.629909613750001,TRUE,TRUE,FALSE
"Bufflehead","BUFF","anthro",-0.744847117838548,-2.02185279,-1.82515556,0.317190161999999,0.5309723505,FALSE,FALSE,FALSE
"Bullock's Oriole","BUOR","anthro",0.712758137525125,0.30514810075,0.368584275,1.053923835,1.1212624,TRUE,TRUE,FALSE
"Burrowing Owl","BUOW","anthro",0.0275942665847588,-0.54994287425,-0.4633523245,0.5172967865,0.601829307499999,FALSE,FALSE,FALSE
"Bushtit","BUSH","anthro",0.721176997153939,0.00765321371750003,0.122835396,1.30366806,1.430096215,TRUE,TRUE,FALSE
"Cactus Wren","CACW","anthro",-1.91019592139075,-2.9279779925,-2.776723485,-1.04322096,-0.859023883,TRUE,TRUE,FALSE
"California Gull","CAGU","anthro",0.813788871316165,-0.287845101,-0.1099855665,1.71847649,1.905821065,FALSE,FALSE,FALSE
"California Quail","CAQU","anthro",0.6617118454348,-0.01984387125,0.098815626,1.2216306,1.3291055525,TRUE,FALSE,TRUE
"California Scrub-Jay","CASJ","anthro",-0.163879146115855,-0.89019002425,-0.7782256745,0.439818976,0.5612677985,FALSE,FALSE,FALSE
"California Thrasher","CATH","anthro",-0.551246111281465,-1.9479584275,-1.712613125,0.602345881999999,0.834705706249995,FALSE,FALSE,FALSE
"California Towhee","CALT","anthro",-0.719900619037682,-1.52131762,-1.39023598,-0.0618325568000002,0.0810246583999993,TRUE,FALSE,TRUE
"Calliope Hummingbird","CAHU","anthro",-0.190583406697435,-1.5141064225,-1.300583105,0.898457950999998,1.1153022725,FALSE,FALSE,FALSE
"Canada Goose","CANG","anthro",1.44487890326875,1.0932150525,1.150145445,1.74933766,1.806697985,TRUE,TRUE,FALSE
"Canada Jay","CAJA","anthro",-2.26986313706883,-3.7894536025,-3.54539702,-1.01150639,-0.771798078750001,TRUE,TRUE,FALSE
"Canada Warbler","CAWA","anthro",-2.90116339737625,-3.97687464,-3.829024475,-1.97646786,-1.8140173475,TRUE,TRUE,FALSE
"Canvasback","CANV","anthro",-0.161609140381296,-1.16422248,-1.003629135,0.6869825285,0.842757232499999,FALSE,FALSE,FALSE
"Canyon Towhee","CANT","anthro",-1.50513288830141,-2.8655572275,-2.640554735,-0.382107849000002,-0.169276531750001,TRUE,TRUE,FALSE
"Canyon Wren","CANW","anthro",-0.303941570847788,-1.47492762,-1.272529855,0.654062281499999,0.85810251925,FALSE,FALSE,FALSE
"Cape May Warbler","CMWA","anthro",-1.42313473449043,-3.0517161425,-2.783051095,-0.0294623991000041,0.249649973,TRUE,FALSE,TRUE
"Carolina Chickadee","CACH","anthro",-0.761846921063125,-0.97491746875,-0.9426986585,-0.580100372,-0.5416711175,TRUE,TRUE,FALSE
"Carolina Wren","CARW","anthro",-0.113258033614469,-0.30466115225,-0.274044264,0.0489118317,0.0794109440249999,FALSE,FALSE,FALSE
"Caspian Tern","CATE","anthro",-0.0404681405661557,-0.901472692,-0.742484083,0.661861943,0.824461505,FALSE,FALSE,FALSE
"Cassin's Finch","CAFI","anthro",-2.32709818565875,-3.330111115,-3.164883355,-1.490017775,-1.318285335,TRUE,TRUE,FALSE
"Cassin's Kingbird","CAKI","anthro",0.0282179738338875,-1.18644144,-0.992818417,1.05847916,1.2896340275,FALSE,FALSE,FALSE
"Cassin's Sparrow","CASP","anthro",-1.83239551066875,-2.456717995,-2.35086545,-1.29528788,-1.1851175125,TRUE,TRUE,FALSE
"Cassin's Vireo","CAVI","anthro",-0.61238064810712,-2.180376645,-1.924130585,0.6780676095,0.9153850645,FALSE,FALSE,FALSE
"Cattle Egret","CAEG","anthro",1.71434892090875,1.1093329975,1.20452722,2.22187239,2.32363019,TRUE,TRUE,FALSE
"Cave Swallow","CASW","anthro",0.668579646586229,-0.47221303675,-0.275423207,1.63099593,1.80957789,FALSE,FALSE,FALSE
"Cedar Waxwing","CEDW","anthro",-0.0543831807996835,-0.30396083125,-0.2646468535,0.158724222,0.20065051525,FALSE,FALSE,FALSE
"Cerulean Warbler","CERW","anthro",-2.48931951546125,-3.4172441025,-3.27282455,-1.70854201,-1.54997249,TRUE,TRUE,FALSE
"Chestnut-backed Chickadee","CBCH","anthro",-1.8865987386035,-2.7611587725,-2.615215685,-1.128980095,-0.979285289,TRUE,TRUE,FALSE
"Chestnut-collared Longspur","CCLO","anthro",0.000394161359293125,-1.0236030375,-0.872006798,0.884864218999999,1.037441675,FALSE,FALSE,FALSE
"Chestnut-sided Warbler","CSWA","anthro",-2.9630602436875,-3.5188663625,-3.43159707,-2.499376685,-2.41635553,TRUE,TRUE,FALSE
"Chihuahuan Raven","CHRA","anthro",-0.529092281745505,-1.4812893825,-1.30552793,0.276195677,0.4369525455,FALSE,FALSE,FALSE
"Chimney Swift","CHSW","anthro",1.2261400053125,0.9829556175,1.019647035,1.43875754,1.47818217,TRUE,TRUE,FALSE
"Chipping Sparrow","CHSP","anthro",-0.637635943089375,-0.8658445395,-0.829680672,-0.448327011,-0.41194807125,TRUE,TRUE,FALSE
"Chuck-will's-widow","CWWI","anthro",-1.648707974245,-2.202426825,-2.113934225,-1.192453355,-1.09874761,TRUE,TRUE,FALSE
"Chukar","CHUK","anthro",-0.232816056045108,-1.4881783075,-1.26917578,0.833319164,1.02167515,FALSE,FALSE,FALSE
"Cinnamon Teal","CITE","anthro",0.451557319062978,-0.22468157925,-0.1246495795,1.02490759,1.1338417575,FALSE,FALSE,FALSE
"Clapper Rail","CLRA","anthro",-2.15453154102513,-3.4132783425,-3.219421385,-1.049659145,-0.837364194000002,TRUE,TRUE,FALSE
"Clark's Grebe","CLGR","anthro",-0.282818105349012,-1.54563588,-1.334146985,0.742238397999999,0.940859817249999,FALSE,FALSE,FALSE
"Clark's Nutcracker","CLNU","anthro",-2.45460010978325,-3.8151136075,-3.58707784,-1.309961335,-1.0732551575,TRUE,TRUE,FALSE
"Clay-colored Sparrow","CCSP","anthro",0.929960290125156,0.251605486,0.3567560065,1.497924355,1.60653951,TRUE,TRUE,FALSE
"Cliff Swallow","CLSW","anthro",1.02932478693375,0.6145060835,0.6793958205,1.373878005,1.4422220025,TRUE,TRUE,FALSE
"Common Gallinule","COGA","anthro",-0.180170997260725,-0.95693284075,-0.8331360015,0.4871415935,0.61879476525,FALSE,FALSE,FALSE
"Common Goldeneye","COGO","anthro",-0.614626232866532,-1.890836215,-1.669947515,0.4482803995,0.641690733999999,FALSE,FALSE,FALSE
"Common Grackle","COGR","anthro",2.869642187975,2.6691395125,2.70233769,3.038372725,3.0659667,TRUE,TRUE,FALSE
"Common Ground-Dove","COGD","anthro",0.480422391299144,-0.14154071,-0.0506112461,1.01444389,1.119443465,FALSE,FALSE,FALSE
"Common Loon","COLO","anthro",-1.34919606445902,-2.2213169575,-2.085157005,-0.598840722,-0.46051623,TRUE,TRUE,FALSE
"Common Merganser","COME","anthro",-1.1521921325085,-1.789366445,-1.688142965,-0.618141766500001,-0.52195284,TRUE,TRUE,FALSE
"Common Nighthawk","CONI","anthro",-0.614632112762,-0.9260755165,-0.8744069435,-0.359813996,-0.3155312785,TRUE,TRUE,FALSE
"Common Pauraque","COPA","anthro",0.846147910731104,-0.075564713,0.07982326585,1.639876875,1.793601245,TRUE,FALSE,TRUE
"Common Poorwill","COPO","anthro",-1.18408999858766,-2.051101215,-1.91681054,-0.455218781,-0.306685276750001,TRUE,TRUE,FALSE
"Common Raven","CORA","anthro",-0.421379900780637,-0.68915506625,-0.6456582865,-0.1983182655,-0.15547588925,TRUE,TRUE,FALSE
"Common Tern","COTE","anthro",-0.704469885298752,-1.9758691575,-1.795324785,0.3742630175,0.624181704999999,FALSE,FALSE,FALSE
"Common Yellowthroat","COYE","anthro",0.0433395153479011,-0.15452042125,-0.1219640305,0.2120312195,0.24227133175,FALSE,FALSE,FALSE
"Connecticut Warbler","CONW","anthro",-1.33700847759378,-3.1049462525,-2.83388587,0.148506491499999,0.416262892499999,FALSE,FALSE,FALSE
"Cooper's Hawk","COHA","anthro",0.508297396471875,0.320197244,0.3493853905,0.6652458905,0.69677070325,TRUE,TRUE,FALSE
"Cordilleran Flycatcher","COFL","anthro",-0.500633434239059,-1.736803655,-1.52653748,0.526764243,0.72273955325,FALSE,FALSE,FALSE
"Costa's Hummingbird","COHU","anthro",-0.9635159325181,-2.393345045,-2.150680895,0.270717404,0.499578449499998,FALSE,FALSE,FALSE
"Couch's Kingbird","COKI","anthro",-0.0480364862001363,-1.12358457,-0.9441504665,0.839381994499999,1.0242212,FALSE,FALSE,FALSE
"Crested Caracara","CRCA","anthro",1.04159501427775,0.43023639225,0.5298981765,1.549427665,1.64196889,TRUE,TRUE,FALSE
"Crissal Thrasher","CRTH","anthro",0.132496007787663,-1.0950443725,-0.900176558,1.17358616,1.3474092,FALSE,FALSE,FALSE
"Curve-billed Thrasher","CBTH","anthro",-0.715735700751909,-1.4750893525,-1.355800545,-0.0538682883000009,0.0929820827999994,TRUE,FALSE,TRUE
"Dark-eyed Junco","DEJU","anthro",-3.036458718425,-3.661990435,-3.565344615,-2.49931739,-2.3794669925,TRUE,TRUE,FALSE
"Dickcissel","DICK","anthro",2.24976798078125,1.9185882475,1.9688198,2.52867477,2.5835853575,TRUE,TRUE,FALSE
"Double-crested Cormorant","DCCO","anthro",-0.0826047392651908,-0.60356851,-0.5350194185,0.3889911585,0.48102243325,FALSE,FALSE,FALSE
"Downy Woodpecker","DOWO","anthro",-0.2658405158083,-0.415950176,-0.3866515035,-0.146007418,-0.12256678475,TRUE,TRUE,FALSE
"Dusky Flycatcher","DUFL","anthro",-2.97660991610625,-3.9573757375,-3.792997,-2.152805235,-1.988646555,TRUE,TRUE,FALSE
"Dusky Grouse","DUGR","anthro",-0.340576789681776,-1.87748855,-1.617772615,0.946289319,1.17848663,FALSE,FALSE,FALSE
"Dusky-capped Flycatcher","DCFL","anthro",-0.0646550671357932,-2.038916955,-1.71294802,1.553614395,1.900797285,FALSE,FALSE,FALSE
"Eared Grebe","EAGR","anthro",-0.85439802869211,-2.133203265,-1.92232074,0.232290929999999,0.45093953925,FALSE,FALSE,FALSE
"Eastern Bluebird","EABL","anthro",0.285957594858599,0.08717228775,0.1187430515,0.450334733,0.4827820815,TRUE,TRUE,FALSE
"Eastern Kingbird","EAKI","anthro",0.891342671083125,0.696885509,0.7270921905,1.052824855,1.084662095,TRUE,TRUE,FALSE
"Eastern Meadowlark","EAME","anthro",2.29694096825,2.0024011075,2.05393898,2.545212175,2.59257152,TRUE,TRUE,FALSE
"Eastern Phoebe","EAPH","anthro",-0.5412312946025,-0.743622377,-0.7095258335,-0.3790633655,-0.3529527875,TRUE,TRUE,FALSE
"Eastern Screech-Owl","EASO","anthro",-0.235541398484145,-0.7701640255,-0.6804435975,0.2068707735,0.28793534125,FALSE,FALSE,FALSE
"Eastern Towhee","EATO","anthro",-1.4895631397875,-1.7444104575,-1.698586885,-1.27850715,-1.2365836375,TRUE,TRUE,FALSE
"Eastern Whip-poor-will","EWPW","anthro",-0.940822099533334,-1.6458902875,-1.522782575,-0.3508591565,-0.22857012825,TRUE,TRUE,FALSE
"Eastern Wood-Pewee","EAWP","anthro",-1.33332773895875,-1.540900995,-1.5087793,-1.159482545,-1.1241975575,TRUE,TRUE,FALSE
"Eurasian Collared-Dove","EUCD","anthro",2.8113929246375,2.5330539725,2.58232847,3.04353503,3.080430215,TRUE,TRUE,FALSE
"Eurasian Tree Sparrow","ETSP","anthro",-0.386251573268854,-1.75892715,-1.534867105,0.7795741845,1.00913436,FALSE,FALSE,FALSE
"European Starling","EUST","anthro",3.202124099925,2.971074125,3.0098208,3.389628915,3.4286874575,TRUE,TRUE,FALSE
"Evening Grosbeak","EVGR","anthro",-2.10255358589875,-3.1169735075,-2.960815925,-1.240135,-1.08558021,TRUE,TRUE,FALSE
"Ferruginous Hawk","FEHA","anthro",-0.794454430050406,-1.3778321975,-1.29141697,-0.3004860785,-0.194365635,TRUE,TRUE,FALSE
"Field Sparrow","FISP","anthro",-0.159204584893935,-0.48411867775,-0.433921632,0.113034795,0.16064465475,FALSE,FALSE,FALSE
"Fish Crow","FICR","anthro",0.498275903956611,0.10237277225,0.170172411,0.8201624505,0.882725141,TRUE,TRUE,FALSE
"Florida Scrub-Jay","FLSJ","anthro",0.51915611554509,-1.1722718925,-0.8996650895,1.962090795,2.2227131975,FALSE,FALSE,FALSE
"Forster's Tern","FOTE","anthro",-0.47076425327521,-1.3472107925,-1.209700245,0.295225467,0.422042312249999,FALSE,FALSE,FALSE
"Fox Sparrow","FOSP","anthro",-1.66830407665263,-3.1720351025,-2.93479502,-0.395878275,-0.1280020475,TRUE,TRUE,FALSE
"Franklin's Gull","FRGU","anthro",1.8925766241726,0.647586184,0.8577230345,2.941950125,3.127218945,TRUE,TRUE,FALSE
"Fulvous Whistling-Duck","FUWD","anthro",1.813586529849,0.66144755625,0.867168183,2.726735345,2.90473374,TRUE,TRUE,FALSE
"Gadwall","GADW","anthro",0.0107674514135571,-0.66227259,-0.549748262,0.571851707,0.67612690175,FALSE,FALSE,FALSE
"Gambel's Quail","GAQU","anthro",0.0921681416017838,-1.07457101,-0.8878465155,1.079219715,1.27479544,FALSE,FALSE,FALSE
"Gila Woodpecker","GIWO","anthro",-1.02071886814224,-2.64436724,-2.369784195,0.377095677999998,0.63207120375,FALSE,FALSE,FALSE
"Gilded Flicker","GIFL","anthro",-1.03172962211161,-2.589285085,-2.374358805,0.274499751999999,0.507925351499999,FALSE,FALSE,FALSE
"Glaucous-winged Gull","GWGU","anthro",1.10031546570838,-0.57790228275,-0.2882852825,2.479149235,2.7197960575,FALSE,FALSE,FALSE
"Glossy Ibis","GLIB","anthro",0.196757963794952,-1.0841733375,-0.8857148965,1.253943185,1.4599962425,FALSE,FALSE,FALSE
"Golden Eagle","GOEA","anthro",-0.107032575962244,-0.69240663675,-0.594189445,0.372319525,0.468369511499999,FALSE,FALSE,FALSE
"Golden-cheeked Warbler","GCWA","anthro",-0.107176919337373,-2.0622472475,-1.767066155,1.56378865,1.89456412,FALSE,FALSE,FALSE
"Golden-crowned Kinglet","GCKI","anthro",-3.3768760016125,-4.1646566175,-4.024368215,-2.71333808,-2.5732639775,TRUE,TRUE,FALSE
"Golden-fronted Woodpecker","GFWO","anthro",-0.984156594695311,-1.9189998775,-1.76153078,-0.211134139,-0.0599449581750007,TRUE,TRUE,FALSE
"Golden-winged Warbler","GWWA","anthro",-1.86876816953975,-2.9372180225,-2.77171845,-0.9452709655,-0.763484342250002,TRUE,TRUE,FALSE
"Grace's Warbler","GRWA","anthro",-0.051847214471945,-1.916752115,-1.634386785,1.509215255,1.7898004825,FALSE,FALSE,FALSE
"Grasshopper Sparrow","GRSP","anthro",0.157962768404195,-0.184965119,-0.131594943,0.4448974045,0.4975937195,FALSE,FALSE,FALSE
"Gray Catbird","GRCA","anthro",-0.110340777733207,-0.33949048475,-0.301354311,0.0806362186,0.11874771725,FALSE,FALSE,FALSE
"Gray Flycatcher","GRFL","anthro",-0.81530110831755,-2.2145694425,-1.982815725,0.352886009999999,0.56562149175,FALSE,FALSE,FALSE
"Gray Hawk","GRHA","anthro",-0.123340219319119,-2.1270551675,-1.75152068,1.532375855,1.8675077225,FALSE,FALSE,FALSE
"Gray Kingbird","GRAK","anthro",-0.094232368446955,-1.6045973025,-1.343546615,1.1043598,1.3184821025,FALSE,FALSE,FALSE
"Gray Partridge","GRAP","anthro",0.433255265784479,-0.195349395,-0.09579381345,0.954439299,1.0432092675,FALSE,FALSE,FALSE
"Gray Vireo","GRVI","anthro",-0.504203904979999,-2.3621973025,-2.0824927,1.04621453,1.360048375,FALSE,FALSE,FALSE
"Great Black-backed Gull","GBBG","anthro",-0.447616001872302,-2.057316195,-1.81723719,0.919165882,1.1734343625,FALSE,FALSE,FALSE
"Great Blue Heron","GBHE","anthro",1.04646126522187,0.853242453,0.883030922,1.20717575,1.23671367,TRUE,TRUE,FALSE
"Great Crested Flycatcher","GCFL","anthro",-0.58681632993625,-0.7693841505,-0.7400596525,-0.4389016315,-0.413299043,TRUE,TRUE,FALSE
"Great Egret","GREG","anthro",1.63832766517875,1.1785793025,1.25020903,2.021812525,2.090501925,TRUE,TRUE,FALSE
"Great Gray Owl","GGOW","anthro",-0.03785553969434,-1.727740645,-1.4644868,1.35131806,1.61738889,FALSE,FALSE,FALSE
"Great Horned Owl","GHOW","anthro",0.40845920120225,0.1802199565,0.217375555,0.598661831,0.6371609455,TRUE,TRUE,FALSE
"Great Kiskadee","GKIS","anthro",0.632918255699378,-0.46802656175,-0.2932776315,1.51946417,1.691549065,FALSE,FALSE,FALSE
"Great-tailed Grackle","GTGR","anthro",2.3458857446375,1.7776526625,1.869562605,2.819804855,2.8974075175,TRUE,TRUE,FALSE
"Greater Prairie-Chicken","GRPC","anthro",-0.544438871642044,-1.6618270625,-1.478439065,0.421772297,0.58987557675,FALSE,FALSE,FALSE
"Greater Roadrunner","GRRO","anthro",-0.537948524502241,-0.98937847825,-0.918272197,-0.1650380445,-0.0865541935,TRUE,TRUE,FALSE
"Greater Sage-Grouse","GRSG","anthro",-0.294633806471397,-1.98798052,-1.711588035,1.140151045,1.4063615075,FALSE,FALSE,FALSE
"Green Heron","GRHE","anthro",0.65048626544875,0.42399496025,0.4595703955,0.8503469115,0.89213908175,TRUE,TRUE,FALSE
"Green Jay","GRJA","anthro",-0.236315403465421,-1.1998000525,-1.031307225,0.562290530499999,0.716113349,FALSE,FALSE,FALSE
"Green-tailed Towhee","GTTO","anthro",-1.53353191534128,-2.6890720925,-2.502189525,-0.567821714500001,-0.380557628500001,TRUE,TRUE,FALSE
"Green-winged Teal","GWTE","anthro",-0.0360442223771147,-0.5401400645,-0.4591720055,0.3798965535,0.46601657,FALSE,FALSE,FALSE
"Groove-billed Ani","GBAN","anthro",0.74206057244897,-0.41830832325,-0.2272579235,1.69926758,1.87768379,FALSE,FALSE,FALSE
"Gull-billed Tern","GBTE","anthro",-0.123683653035248,-1.4385726575,-1.241332885,0.9627524855,1.1533963675,FALSE,FALSE,FALSE
"Hairy Woodpecker","HAWO","anthro",-1.5143192648625,-1.727013715,-1.694076905,-1.32973919,-1.2937771925,TRUE,TRUE,FALSE
"Hammond's Flycatcher","HAFL","anthro",-3.998523406175,-4.98141704,-4.826401905,-3.193077275,-3.0316244575,TRUE,TRUE,FALSE
"Harris's Hawk","HASH","anthro",-0.582772041888631,-1.5860443675,-1.447041065,0.2953915895,0.46270517025,FALSE,FALSE,FALSE
"Henslow's Sparrow","HESP","anthro",-0.296974320629818,-1.046687385,-0.926216026,0.3222537025,0.44619482225,FALSE,FALSE,FALSE
"Hepatic Tanager","HETA","anthro",0.299038733041877,-1.58814502,-1.28847354,1.895354085,2.19609327,FALSE,FALSE,FALSE
"Hermit Thrush","HETH","anthro",-5.2899995026125,-5.985706965,-5.873194345,-4.71278594,-4.6061144325,TRUE,TRUE,FALSE
"Hermit Warbler","HEWA","anthro",-3.057160962025,-4.52499064,-4.26878227,-1.831797315,-1.590805195,TRUE,TRUE,FALSE
"Herring Gull","HERG","anthro",0.633148482943229,-0.68046824825,-0.4618731565,1.71141855,1.919785485,FALSE,FALSE,FALSE
"Hooded Merganser","HOME","anthro",0.287723462111758,-0.139900839,-0.0715964856,0.6474841725,0.72189481375,FALSE,FALSE,FALSE
"Hooded Oriole","HOOR","anthro",-0.294307149320657,-1.1308802,-1.00229437,0.418848873499999,0.5563910535,FALSE,FALSE,FALSE
"Hooded Warbler","HOWA","anthro",-4.7275776334625,-5.159587185,-5.086807945,-4.367893135,-4.302984285,TRUE,TRUE,FALSE
"Horned Grebe","HOGR","anthro",-0.325314650898683,-1.688433905,-1.46648649,0.7869687685,0.981031803,FALSE,FALSE,FALSE
"Horned Lark","HOLA","anthro",2.4043764549375,2.0423569925,2.106626885,2.695747535,2.7531143975,TRUE,TRUE,FALSE
"House Finch","HOFI","anthro",1.9093507124875,1.67149436,1.7066913,2.108742285,2.146650095,TRUE,TRUE,FALSE
"House Sparrow","HOSP","anthro",3.398484127625,3.1540003025,3.193574695,3.60498191,3.6434586175,TRUE,TRUE,FALSE
"House Wren","HOWR","anthro",0.52026403766525,0.252774223,0.2962652935,0.7487555715,0.79424000725,TRUE,TRUE,FALSE
"Hutton's Vireo","HUVI","anthro",-1.6259279425625,-2.4859385075,-2.33908365,-0.911270218,-0.78082436225,TRUE,TRUE,FALSE
"Inca Dove","INDO","anthro",0.6682793281556,0.16141794075,0.2394939415,1.1008972,1.1773164925,TRUE,TRUE,FALSE
"Indigo Bunting","INBU","anthro",-0.50322321549625,-0.68393015925,-0.6576017675,-0.352315667,-0.3240618665,TRUE,TRUE,FALSE
"Juniper Titmouse","JUTI","anthro",0.44615927755596,-1.023213105,-0.782693885,1.674095015,1.9441611125,FALSE,FALSE,FALSE
"Kentucky Warbler","KEWA","anthro",-2.938041605925,-3.3637281975,-3.296580805,-2.580041215,-2.50915526,TRUE,TRUE,FALSE
"Killdeer","KILL","anthro",2.6951885678125,2.5342220325,2.558485805,2.833191375,2.85834654,TRUE,TRUE,FALSE
"King Rail","KIRA","anthro",-1.10827730749888,-2.12754131,-1.96538007,-0.261870604,-0.101237601,TRUE,TRUE,FALSE
"Ladder-backed Woodpecker","LBWO","anthro",-1.432920111055,-1.95410492,-1.864323085,-1.004535355,-0.92205034775,TRUE,TRUE,FALSE
"Lark Bunting","LARB","anthro",0.572447099723594,-0.264319268,-0.1337830945,1.282352315,1.43505985,FALSE,FALSE,FALSE
"Lark Sparrow","LASP","anthro",-0.537514775815477,-0.87538801075,-0.821247672,-0.261518678,-0.2121833215,TRUE,TRUE,FALSE
"Laughing Gull","LAGU","anthro",0.718552975172749,-0.524005091,-0.331647725,1.74533569,1.9625179225,FALSE,FALSE,FALSE
"Lawrence's Goldfinch","LAGO","anthro",0.146485736832497,-0.910701758,-0.740217176,1.01246349,1.1852060025,FALSE,FALSE,FALSE
"Lazuli Bunting","LAZB","anthro",-0.599004981910641,-1.19513228,-1.10072324,-0.1171250445,-0.00461429197500019,TRUE,TRUE,FALSE
"Le Conte's Sparrow","LCSP","anthro",0.0996339956057754,-0.96445121375,-0.798210762,0.9819652425,1.1524175475,FALSE,FALSE,FALSE
"Le Conte's Thrasher","LCTH","anthro",-0.0887001738654144,-1.67349189,-1.405793185,1.211533815,1.4735508525,FALSE,FALSE,FALSE
"Least Bittern","LEBI","anthro",-1.62976574304913,-2.42886522,-2.316539725,-0.9465967145,-0.823459422000001,TRUE,TRUE,FALSE
"Least Flycatcher","LEFL","anthro",-1.57281123753625,-2.04360281,-1.966139015,-1.184345,-1.1162510225,TRUE,TRUE,FALSE
"Least Grebe","LEGR","anthro",-0.297716433191514,-1.513321,-1.320063875,0.73042554,0.915175171249999,FALSE,FALSE,FALSE
"Least Tern","LETE","anthro",-0.246066822592517,-1.36764726,-1.17214785,0.6832918335,0.87253965425,FALSE,FALSE,FALSE
"Lesser Goldfinch","LEGO","anthro",0.777641555614325,0.1522159525,0.246269144,1.32173257,1.44281564,TRUE,TRUE,FALSE
"Lesser Nighthawk","LENI","anthro",-0.09255798821315,-1.147392735,-0.977170615,0.7967344715,0.977499869499999,FALSE,FALSE,FALSE
"Lesser Prairie-Chicken","LEPC","anthro",-0.47413105028818,-1.84774326,-1.620466715,0.655028877,0.8776602825,FALSE,FALSE,FALSE
"Lesser Scaup","LESC","anthro",-0.193447654581226,-1.2928297975,-1.13177039,0.771814239999999,0.962361355,FALSE,FALSE,FALSE
"Lewis's Woodpecker","LEWO","anthro",-1.28773541663944,-2.51937798,-2.33112148,-0.263813751000001,-0.0653586137250001,TRUE,TRUE,FALSE
"Limpkin","LIMP","anthro",0.916422070395565,-0.226092841,-0.0343011148,1.864465765,2.06110498,FALSE,FALSE,FALSE
"Lincoln's Sparrow","LISP","anthro",-1.97762815005797,-3.3110933,-3.10144574,-0.8364304225,-0.617416670500001,TRUE,TRUE,FALSE
"Little Blue Heron","LBHE","anthro",1.02779761075512,0.41819570275,0.510869487,1.550470785,1.653763825,TRUE,TRUE,FALSE
"Loggerhead Shrike","LOSH","anthro",0.0303922169015544,-0.3062647555,-0.2491758415,0.31408439,0.3666645475,FALSE,FALSE,FALSE
"Long-billed Curlew","LBCU","anthro",-0.393426545430332,-1.1463320425,-1.031976065,0.240063704,0.36232547225,FALSE,FALSE,FALSE
"Long-billed Thrasher","LBTH","anthro",-0.47660229533802,-1.4660489225,-1.31232526,0.3591277475,0.532770279,FALSE,FALSE,FALSE
"Long-eared Owl","LEOW","anthro",-0.950154801512185,-2.3713961375,-2.13033601,0.223151274,0.448269172499999,FALSE,FALSE,FALSE
"Louisiana Waterthrush","LOWA","anthro",-2.20833774505,-2.6389360075,-2.57058051,-1.854564135,-1.7934656375,TRUE,TRUE,FALSE
"Lucy's Warbler","LUWA","anthro",-0.484520881149162,-2.058785315,-1.831059175,0.896147518999999,1.1350973175,FALSE,FALSE,FALSE
"MacGillivray's Warbler","MGWA","anthro",-2.6748407969125,-3.4768056825,-3.33439765,-2.01879802,-1.89193145,TRUE,TRUE,FALSE
"Magnolia Warbler","MAWA","anthro",-4.6888099919125,-5.64781384,-5.49723759,-3.85468537,-3.6772339225,TRUE,TRUE,FALSE
"Mallard","MALL","anthro",1.848811414375,1.5572119325,1.601928855,2.09434113,2.148436525,TRUE,TRUE,FALSE
"Marbled Godwit","MAGO","anthro",0.900393837871425,-0.012866040925,0.135006722,1.642943235,1.7951350725,TRUE,FALSE,TRUE
"Marbled Murrelet","MAMU","anthro",-0.679254634856649,-2.330626575,-2.074385765,0.693803525499999,0.951726085,FALSE,FALSE,FALSE
"Marsh Wren","MAWR","anthro",0.384374654955128,-0.26279912575,-0.1574513045,0.9423093855,1.0298366625,FALSE,FALSE,FALSE
"McCown's Longspur","MCLO","anthro",0.343828823483767,-1.2732210125,-0.98558386,1.670481685,1.92595752,FALSE,FALSE,FALSE
"Merlin","MERL","anthro",-0.27033492877157,-0.81221298225,-0.730136301,0.1844652935,0.27336784725,FALSE,FALSE,FALSE
"Mexican Jay","MEJA","anthro",0.0679998799134475,-1.8935772675,-1.599036165,1.752474775,2.0775320325,FALSE,FALSE,FALSE
"Mississippi Kite","MIKI","anthro",-0.00234038813956359,-0.46220775775,-0.393715458,0.391452479,0.46277525625,FALSE,FALSE,FALSE
"Montezuma Quail","MONQ","anthro",-0.09771538040821,-2.0625702525,-1.725407905,1.50700512,1.83195536,FALSE,FALSE,FALSE
"Mottled Duck","MODU","anthro",0.405159325179496,-0.50121112475,-0.3533713715,1.13595759,1.27276236,FALSE,FALSE,FALSE
"Mountain Bluebird","MOBL","anthro",-1.0462988264363,-1.8408378475,-1.71942195,-0.380515642000001,-0.260032793250001,TRUE,TRUE,FALSE
"Mountain Chickadee","MOCH","anthro",-2.8030641619375,-3.755179785,-3.59441467,-2.01656385,-1.8650394725,TRUE,TRUE,FALSE
"Mountain Plover","MOPL","anthro",-0.203028097319274,-1.05467148,-0.90735996,0.5129999845,0.64959389325,FALSE,FALSE,FALSE
"Mountain Quail","MOUQ","anthro",-0.983334340798482,-2.2413397925,-2.05652003,0.123232644999999,0.352235914999999,FALSE,FALSE,FALSE
"Mourning Dove","MODO","anthro",1.604738949125,1.484444165,1.503142575,1.707120935,1.72563417,TRUE,TRUE,FALSE
"Mourning Warbler","MOWA","anthro",-2.2012141534925,-2.9386301625,-2.821735215,-1.588836545,-1.4881693375,TRUE,TRUE,FALSE
"Muscovy Duck","MUDU","anthro",1.14718409923794,-0.4075498575,-0.175822614,2.43193292,2.6891557525,FALSE,FALSE,FALSE
"Mute Swan","MUSW","anthro",-0.0206349397929693,-1.274947575,-1.086150175,1.02767251,1.2173295125,FALSE,FALSE,FALSE
"Nashville Warbler","NAWA","anthro",-3.3869700000875,-4.22076021,-4.087059815,-2.667418225,-2.5461250025,TRUE,TRUE,FALSE
"Nelson's Sparrow","NESP","anthro",-0.79105538908128,-1.79855932,-1.64354184,0.0260947809999997,0.1841901995,FALSE,FALSE,FALSE
"Neotropic Cormorant","NECO","anthro",0.287356609478989,-0.92655242825,-0.734355911,1.27146837,1.4798823775,FALSE,FALSE,FALSE
"Northern Beardless-Tyrannulet","NOBT","anthro",-0.926494919070739,-2.4769988825,-2.22094376,0.299611651999999,0.54068003475,FALSE,FALSE,FALSE
"Northern Bobwhite","NOBO","anthro",0.600327971231625,0.28899168075,0.340760375,0.8584286605,0.916738634,TRUE,TRUE,FALSE
"Northern Cardinal","NOCA","anthro",0.4010635947375,0.24642107975,0.2693831265,0.5316381345,0.55556910275,TRUE,TRUE,FALSE
"Northern Flicker","NOFL","anthro",-0.734389804275,-0.913606352,-0.8875462305,-0.57995247,-0.5505409215,TRUE,TRUE,FALSE
"Northern Goshawk","NOGO","anthro",-1.08592218677491,-2.3044289375,-2.099129025,-0.126842246000002,0.0524701718249997,TRUE,FALSE,TRUE
"Northern Harrier","NOHA","anthro",0.87218097171625,0.587246971,0.6407584155,1.10145413,1.146463865,TRUE,TRUE,FALSE
"Northern Mockingbird","NOMO","anthro",1.5538960694625,1.3323279925,1.367993735,1.74025139,1.7716476875,TRUE,TRUE,FALSE
"Northern Parula","NOPA","anthro",-2.69060251425,-3.0047716225,-2.960334145,-2.420941925,-2.3614982175,TRUE,TRUE,FALSE
"Northern Pintail","NOPI","anthro",0.313460390124557,-0.35585359875,-0.2453588515,0.856999718,0.95830275475,FALSE,FALSE,FALSE
"Northern Pygmy-Owl","NOPO","anthro",-0.85336120285769,-1.9868160925,-1.798228355,0.0636490955499992,0.23477574625,FALSE,FALSE,FALSE
"Northern Rough-winged Swallow","NRWS","anthro",0.8191718747625,0.53324054175,0.5781066225,1.05579018,1.10619429,TRUE,TRUE,FALSE
"Northern Saw-whet Owl","NSWO","anthro",-0.327892440522973,-2.12666485,-1.833708875,1.17326851,1.4549543675,FALSE,FALSE,FALSE
"Northern Shoveler","NSHO","anthro",0.360611299380965,-0.272647229,-0.173417099,0.904448597,1.0021445775,FALSE,FALSE,FALSE
"Northern Waterthrush","NOWA","anthro",-1.72662479785903,-2.6428218975,-2.49870854,-0.947988624500001,-0.7964257025,TRUE,TRUE,FALSE
"Northwestern Crow","NOCR","anthro",0.108098803762921,-0.068690377625,-0.04059946515,0.2599529045,0.288052361,FALSE,FALSE,FALSE
"Nuttall's Woodpecker","NUWO","anthro",-0.177974474650284,-0.93101644375,-0.798166887,0.472523247,0.5850100285,FALSE,FALSE,FALSE
"Oak Titmouse","OATI","anthro",-1.22506877287057,-2.2715749575,-2.08008365,-0.335776982,-0.173271576750001,TRUE,TRUE,FALSE
"Olive Sparrow","OLSP","anthro",-0.483205346520813,-1.7419912575,-1.55592173,0.588089718999999,0.8204977925,FALSE,FALSE,FALSE
"Olive Warbler","OLWA","anthro",0.0280842270601636,-1.890307515,-1.54461114,1.604414845,1.91949973,FALSE,FALSE,FALSE
"Olive-sided Flycatcher","OSFL","anthro",-2.01294670518625,-2.735916965,-2.6134992,-1.398447295,-1.2769919275,TRUE,TRUE,FALSE
"Orange-crowned Warbler","OCWA","anthro",-0.516997887109538,-1.261725475,-1.141239295,0.123090141,0.2303651185,FALSE,FALSE,FALSE
"Orchard Oriole","OROR","anthro",-0.108142018321031,-0.3506506915,-0.309959939,0.0937808520499999,0.13146131725,FALSE,FALSE,FALSE
"Osprey","OSPR","anthro",0.256069084535644,-0.194588677,-0.123502118,0.643100714999999,0.7191234935,FALSE,FALSE,FALSE
"Ovenbird","OVEN","anthro",-5.0803941865125,-5.43052767,-5.373432035,-4.79144446,-4.74377461,TRUE,TRUE,FALSE
"Pacific Wren","PAWR","anthro",-3.0872236951375,-4.123466645,-3.95784688,-2.195154035,-2.0182678675,TRUE,TRUE,FALSE
"Pacific-slope Flycatcher","PSFL","anthro",-2.10855819833875,-2.92164721,-2.796383635,-1.412457995,-1.2807272275,TRUE,TRUE,FALSE
"Painted Bunting","PABU","anthro",-0.0143573119521426,-0.50069599825,-0.4246194315,0.390458454,0.46657019875,FALSE,FALSE,FALSE
"Painted Redstart","PARE","anthro",-0.0396495042329934,-1.9185367175,-1.616864105,1.552805535,1.8189234275,FALSE,FALSE,FALSE
"Palm Warbler","PAWA","anthro",0.168187892786866,-1.580964295,-1.2835922,1.623686295,1.8962941725,FALSE,FALSE,FALSE
"Pelagic Cormorant","PECO","anthro",0.127691276876151,-1.819848725,-1.514223095,1.72310194,2.06732032,FALSE,FALSE,FALSE
"Peregrine Falcon","PEFA","anthro",0.211674063169789,-0.3474390555,-0.253126147,0.6649794125,0.74333825025,FALSE,FALSE,FALSE
"Phainopepla","PHAI","anthro",-2.01130059926713,-3.1424267475,-2.966125555,-1.082823985,-0.90655335075,TRUE,TRUE,FALSE
"Philadelphia Vireo","PHVI","anthro",-0.668745524945569,-2.423372395,-2.133584665,0.791282590999998,1.037368435,FALSE,FALSE,FALSE
"Pied-billed Grebe","PBGR","anthro",-0.112356698574054,-0.5409056045,-0.4709336415,0.2440985665,0.30798589725,FALSE,FALSE,FALSE
"Pigeon Guillemot","PIGU","anthro",0.335123033989294,-1.0607199525,-0.846724523,1.484897625,1.7240795425,FALSE,FALSE,FALSE
"Pileated Woodpecker","PIWO","anthro",-2.3415020606875,-2.5217497,-2.49362574,-2.19252339,-2.169762745,TRUE,TRUE,FALSE
"Pine Grosbeak","PIGR","anthro",-1.3730947727999,-3.217986355,-2.923519455,0.194613425499997,0.48959916475,FALSE,FALSE,FALSE
"Pine Siskin","PISI","anthro",-2.9537827042375,-3.6675570225,-3.552484915,-2.347351965,-2.2261824375,TRUE,TRUE,FALSE
"Pine Warbler","PIWA","anthro",-2.9112751035375,-3.2655141025,-3.20124102,-2.610508355,-2.545807905,TRUE,TRUE,FALSE
"Pinyon Jay","PIJA","anthro",-0.783123898227739,-2.2793613025,-2.06820533,0.521319568,0.765102104749999,FALSE,FALSE,FALSE
"Plumbeous Vireo","PLVI","anthro",-2.3409416198425,-3.2310856,-3.087622375,-1.58059969,-1.4271791375,TRUE,TRUE,FALSE
"Prairie Falcon","PRFA","anthro",-0.527963535270904,-1.0453808325,-0.963590944,-0.102519899,-0.00967440352500029,TRUE,TRUE,FALSE
"Prairie Warbler","PRAW","anthro",-3.1467538840625,-3.61092028,-3.525874335,-2.77033977,-2.6931995825,TRUE,TRUE,FALSE
"Prothonotary Warbler","PROW","anthro",-0.718043303275596,-1.2619795975,-1.16734288,-0.261140756,-0.17115097375,TRUE,TRUE,FALSE
"Purple Finch","PUFI","anthro",-0.750680112410856,-1.2687443675,-1.18962061,-0.3160257435,-0.2268068355,TRUE,TRUE,FALSE
"Purple Martin","PUMA","anthro",0.715614763532113,0.345280263,0.407658424,1.01881787,1.0769218925,TRUE,TRUE,FALSE
"Pygmy Nuthatch","PYNU","anthro",-0.159041234894966,-1.521067555,-1.304757905,1.012009765,1.248970325,FALSE,FALSE,FALSE
"Pyrrhuloxia","PYRR","anthro",-1.68761718847342,-2.78776239,-2.62992089,-0.716033787,-0.519957229500001,TRUE,TRUE,FALSE
"Red Crossbill","RECR","anthro",-2.24029516572813,-3.0109200975,-2.88750307,-1.596504855,-1.47545127,TRUE,TRUE,FALSE
"Red-bellied Woodpecker","RBWO","anthro",-0.0835965266996141,-0.253895811,-0.2276716845,0.06314605005,0.09597868435,FALSE,FALSE,FALSE
"Red-breasted Merganser","RBME","anthro",-0.228515441679289,-2.058567755,-1.78068091,1.34295585,1.7159883275,FALSE,FALSE,FALSE
"Red-breasted Nuthatch","RBNU","anthro",-2.8532633255625,-3.3135395275,-3.246637025,-2.474316035,-2.3974247575,TRUE,TRUE,FALSE
"Red-breasted Sapsucker","RBSA","anthro",-0.94394314201305,-1.65755693,-1.55391764,-0.3488986375,-0.23422918275,TRUE,TRUE,FALSE
"Red-cockaded Woodpecker","RCWO","anthro",-2.01233277799786,-3.51197304,-3.28965706,-0.733327496000003,-0.464297321000001,TRUE,TRUE,FALSE
"Red-eyed Vireo","REVI","anthro",-3.5203424550625,-3.72318647,-3.6889565,-3.348344765,-3.3162998175,TRUE,TRUE,FALSE
"Red-faced Warbler","RFWA","anthro",0.569713363021241,-1.34343756,-1.03157957,2.15070385,2.4715605,FALSE,FALSE,FALSE
"Red-headed Woodpecker","RHWO","anthro",-0.409663406234697,-0.69052758925,-0.6478333995,-0.1711521605,-0.11792907675,TRUE,TRUE,FALSE
"Red-naped Sapsucker","RNSA","anthro",-1.88392954210625,-2.7511323975,-2.625653505,-1.16569621,-1.0206790975,TRUE,TRUE,FALSE
"Red-necked Grebe","RNGR","anthro",-0.612091118957986,-2.0554613225,-1.85630958,0.654049977499999,0.907935752999999,FALSE,FALSE,FALSE
"Red-shouldered Hawk","RSHA","anthro",-0.86313004286375,-1.0977096625,-1.062208415,-0.667422768,-0.63072357775,TRUE,TRUE,FALSE
"Red-tailed Hawk","RTHA","anthro",1.277433201485,1.13430831,1.155094035,1.400471305,1.42520973,TRUE,TRUE,FALSE
"Red-winged Blackbird","RWBL","anthro",3.41607069160625,3.203879065,3.23656237,3.59348103,3.62834402,TRUE,TRUE,FALSE
"Reddish Egret","REEG","anthro",0.350085943940192,-0.8174114385,-0.612307755,1.323164425,1.515079045,FALSE,FALSE,FALSE
"Redhead","REDH","anthro",-0.242172399281806,-1.0970800475,-0.968515179,0.4936642275,0.6269855465,FALSE,FALSE,FALSE
"Ridgway's Rail","RIRA","anthro",-0.478666948912715,-1.9584059475,-1.717609445,0.75712858,1.001554475,FALSE,FALSE,FALSE
"Ring-billed Gull","RBGU","anthro",1.30690926487058,0.4715567655,0.6088885255,2.010059965,2.1358302075,TRUE,TRUE,FALSE
"Ring-necked Duck","RNDU","anthro",-0.758141788486714,-1.65047489,-1.50388625,-0.0124673134000007,0.139543781749999,TRUE,FALSE,TRUE
"Ring-necked Pheasant","RNEP","anthro",2.2359181281125,1.80802867,1.888175315,2.60402458,2.6617982125,TRUE,TRUE,FALSE
"Rock Pigeon","ROPI","anthro",2.456097167425,2.1523575425,2.20118845,2.70951898,2.761558995,TRUE,TRUE,FALSE
"Rock Wren","ROWR","anthro",-1.19533357340012,-1.8995336725,-1.78699697,-0.6046972435,-0.48698418525,TRUE,TRUE,FALSE
"Rose-breasted Grosbeak","RBGR","anthro",-1.09909566157187,-1.4480523375,-1.3945707,-0.800452366,-0.737181591,TRUE,TRUE,FALSE
"Roseate Spoonbill","ROSP","anthro",1.05559101257011,0.00764887801000004,0.182672174,1.9189576,2.07648241,TRUE,TRUE,FALSE
"Royal Tern","ROYT","anthro",0.14628558217461,-1.364667625,-1.128490315,1.44542157,1.6992916775,FALSE,FALSE,FALSE
"Ruby-crowned Kinglet","RCKI","anthro",-3.424431940075,-4.4475848425,-4.30386685,-2.55328113,-2.3964591175,TRUE,TRUE,FALSE
"Ruby-throated Hummingbird","RTHU","anthro",-1.35566903949563,-1.5691690325,-1.536393905,-1.177421275,-1.143794575,TRUE,TRUE,FALSE
"Ruddy Duck","RUDU","anthro",-0.731533798857453,-1.505715775,-1.395489935,-0.0828891201,0.0428066843999995,TRUE,FALSE,TRUE
"Ruffed Grouse","RUGR","anthro",-1.42293783871937,-2.1105770825,-2.003500245,-0.832670283,-0.71813627075,TRUE,TRUE,FALSE
"Rufous Hummingbird","RUHU","anthro",-0.878661616047688,-1.5704923275,-1.468141405,-0.293556723000001,-0.1747618325,TRUE,TRUE,FALSE
"Rufous-crowned Sparrow","RCSP","anthro",-0.760687829133717,-2.1030370775,-1.86495398,0.361957768999999,0.556257166499999,FALSE,FALSE,FALSE
"Rufous-winged Sparrow","RWSP","anthro",-0.530445294777324,-2.372321695,-2.107871745,1.035353525,1.3199984525,FALSE,FALSE,FALSE
"Rusty Blackbird","RUBL","anthro",-0.332422768570139,-2.2522124625,-1.914381285,1.226592055,1.5603346325,FALSE,FALSE,FALSE
"Sage Thrasher","SATH","anthro",-1.18699911329817,-2.1612456425,-2.013581465,-0.361364357,-0.20933457975,TRUE,TRUE,FALSE
"Sagebrush Sparrow","SABS","anthro",-1.03624902350321,-2.4602032975,-2.238912615,0.146765485,0.382779267499998,FALSE,FALSE,FALSE
"Sandhill Crane","SACR","anthro",1.0925614726225,0.54679059575,0.643268489,1.56258809,1.6615023475,TRUE,TRUE,FALSE
"Sandwich Tern","SATE","anthro",0.440864692597362,-1.241969525,-0.9845501645,1.83305933,2.0974039575,FALSE,FALSE,FALSE
"Savannah Sparrow","SAVS","anthro",2.5827503983875,2.1414507325,2.211511705,2.93662575,3.0032945475,TRUE,TRUE,FALSE
"Say's Phoebe","SAPH","anthro",0.246766131556028,-0.11096415675,-0.0537101244999999,0.543047699,0.60120425575,FALSE,FALSE,FALSE
"Scaled Quail","SCQU","anthro",-1.62860267300887,-2.511486005,-2.36993195,-0.894950568,-0.742936039,TRUE,TRUE,FALSE
"Scarlet Tanager","SCTA","anthro",-3.4971516366125,-3.7793828125,-3.73557167,-3.253046765,-3.2046967375,TRUE,TRUE,FALSE
"Scissor-tailed Flycatcher","STFL","anthro",0.40980549955256,0.008125998015,0.07420726455,0.7420190505,0.802870012,TRUE,TRUE,FALSE
"Scott's Oriole","SCOR","anthro",-2.45918629272842,-3.8872845275,-3.63047229,-1.286963375,-1.0529369525,TRUE,TRUE,FALSE
"Seaside Sparrow","SESP","anthro",0.0513237364716628,-1.56121386,-1.32907322,1.41998316,1.683925595,FALSE,FALSE,FALSE
"Sedge Wren","SEWR","anthro",0.882249206157096,0.199605982,0.3070278485,1.45520865,1.5648063675,TRUE,TRUE,FALSE
"Sharp-shinned Hawk","SSHA","anthro",-0.031341898404892,-0.38208982475,-0.319704809,0.2541215165,0.30370949775,FALSE,FALSE,FALSE
"Sharp-tailed Grouse","STGR","anthro",-0.462466182158367,-1.272918915,-1.11874728,0.20131631,0.327244557,FALSE,FALSE,FALSE
"Short-eared Owl","SEOW","anthro",-0.691334605130269,-1.36188368,-1.25554432,-0.143528627,-0.0399958575750001,TRUE,TRUE,FALSE
"Short-tailed Hawk","STHA","anthro",-0.543720650574598,-2.094401735,-1.86140734,0.775645637,1.019823445,FALSE,FALSE,FALSE
"Snail Kite","SNKI","anthro",0.112364247815699,-1.420530335,-1.136309205,1.350801365,1.5863483725,FALSE,FALSE,FALSE
"Snowy Egret","SNEG","anthro",0.695638625737123,0.026100525225,0.132286731,1.265983165,1.3743061175,TRUE,TRUE,FALSE
"Snowy Plover","SNPL","anthro",-0.755899915474438,-2.5340858725,-2.237137,0.727101856499998,0.989576552749999,FALSE,FALSE,FALSE
"Song Sparrow","SOSP","anthro",1.20667461779125,0.9766820415,1.00951046,1.400673975,1.439114405,TRUE,TRUE,FALSE
"Sora","SORA","anthro",0.807031513025,0.32233060325,0.393525145,1.210081765,1.284489115,TRUE,TRUE,FALSE
"Spotted Sandpiper","SPSA","anthro",0.130918564548657,-0.32162256575,-0.2466536975,0.5055125115,0.58075945925,FALSE,FALSE,FALSE
"Spotted Towhee","SPTO","anthro",-0.561143106101261,-1.149134885,-1.051071835,-0.0512057272500002,0.04680612325,TRUE,FALSE,TRUE
"Sprague's Pipit","SPPI","anthro",-0.956394558819836,-2.13152154,-1.94749428,0.0459445191999994,0.240751664499999,FALSE,FALSE,FALSE
"Steller's Jay","STJA","anthro",-1.89955056877625,-2.5807869625,-2.465843515,-1.340862705,-1.2441646875,TRUE,TRUE,FALSE
"Summer Tanager","SUTA","anthro",-1.9499418000875,-2.2226287,-2.18066575,-1.713287475,-1.6687383975,TRUE,TRUE,FALSE
"Swainson's Hawk","SWHA","anthro",1.34661108114,0.9765296925,1.03680188,1.648841955,1.7042354775,TRUE,TRUE,FALSE
"Swainson's Thrush","SWTH","anthro",-2.5438418962375,-3.3870427,-3.252216375,-1.831680485,-1.694347355,TRUE,TRUE,FALSE
"Swainson's Warbler","SWWA","anthro",-1.49309201964712,-2.2091158475,-2.0804916,-0.899397714,-0.7834070395,TRUE,TRUE,FALSE
"Swallow-tailed Kite","STKI","anthro",-0.919874336962263,-1.7030571675,-1.574663545,-0.2592147445,-0.11978549075,TRUE,TRUE,FALSE
"Swamp Sparrow","SWSP","anthro",-1.2132952190562,-1.8782864225,-1.779871735,-0.641398588,-0.53229366475,TRUE,TRUE,FALSE
"Tennessee Warbler","TEWA","anthro",-1.23588577560625,-2.67961013,-2.43207525,-0.0170813569500018,0.259242787499999,TRUE,FALSE,TRUE
"Townsend's Solitaire","TOSO","anthro",-3.2161834446875,-4.295984555,-4.13433959,-2.25926004,-2.0775802325,TRUE,TRUE,FALSE
"Townsend's Warbler","TOWA","anthro",-3.309430998425,-4.478067885,-4.293226895,-2.33738538,-2.1367578875,TRUE,TRUE,FALSE
"Tree Swallow","TRES","anthro",0.6033044493475,0.31523947925,0.357861086,0.8525749585,0.90313730425,TRUE,TRUE,FALSE
"Tricolored Blackbird","TRBL","anthro",0.694085271812819,-0.51769314925,-0.327555253,1.719920395,1.92889837,FALSE,FALSE,FALSE
"Tricolored Heron","TRHE","anthro",-0.416411311832245,-1.3362479425,-1.17619587,0.331674119999999,0.490440787749999,FALSE,FALSE,FALSE
"Tropical Kingbird","TRKI","anthro",0.6041671412916,-1.1639415525,-0.8654517865,2.057931545,2.31233546,FALSE,FALSE,FALSE
"Trumpeter Swan","TRUS","anthro",-0.0150880093592173,-0.720635792,-0.5962871665,0.5799764905,0.7079217205,FALSE,FALSE,FALSE
"Tufted Titmouse","TUTI","anthro",-1.0583400968975,-1.2470173875,-1.21798733,-0.898859685,-0.86346168475,TRUE,TRUE,FALSE
"Turkey Vulture","TUVU","anthro",0.174193639355414,-0.0422705319,-0.00590795772,0.349061447,0.3853748685,FALSE,FALSE,FALSE
"Upland Sandpiper","UPSA","anthro",-0.504686586743776,-1.0767264425,-0.992897409,-0.0147148926500003,0.0772522393749998,TRUE,FALSE,TRUE
"Varied Bunting","VABU","anthro",0.004295438624815,-1.9037178825,-1.612562725,1.62360346,1.9512104775,FALSE,FALSE,FALSE
"Varied Thrush","VATH","anthro",-2.17698020166614,-3.8582653175,-3.584138075,-0.766184464500001,-0.530570434750002,TRUE,TRUE,FALSE
"Vaux's Swift","VASW","anthro",0.28940762795124,-0.53433510125,-0.3891501325,0.950600204,1.0732334375,FALSE,FALSE,FALSE
"Veery","VEER","anthro",-2.7640607866875,-3.3161371775,-3.2266649,-2.286376875,-2.2004755775,TRUE,TRUE,FALSE
"Verdin","VERD","anthro",-1.31286832954414,-2.0978347725,-1.96865966,-0.6463316185,-0.51991683425,TRUE,TRUE,FALSE
"Vermilion Flycatcher","VEFL","anthro",-0.963142351795982,-2.04654276,-1.859379255,-0.0193204855,0.17186692825,TRUE,FALSE,TRUE
"Vesper Sparrow","VESP","anthro",-0.0834784257012513,-0.542703431,-0.477212659,0.3209246695,0.39896768775,FALSE,FALSE,FALSE
"Violet-green Swallow","VGSW","anthro",-0.0616261095351401,-0.743719666,-0.634930358,0.5198864185,0.630027043499999,FALSE,FALSE,FALSE
"Virginia Rail","VIRA","anthro",-0.15710149677897,-0.72409162375,-0.6336548325,0.3125272955,0.39663604625,FALSE,FALSE,FALSE
"Virginia's Warbler","VIWA","anthro",-0.633994773849291,-2.14479342,-1.913381685,0.617115141,0.872779497999999,FALSE,FALSE,FALSE
"Warbling Vireo","WAVI","anthro",-0.7751352956505,-1.125338005,-1.064195985,-0.4757485405,-0.42617413375,TRUE,TRUE,FALSE
"Western Bluebird","WEBL","anthro",-0.338070832243789,-1.018752525,-0.908126194,0.250189732499999,0.365682903,FALSE,FALSE,FALSE
"Western Grebe","WEGR","anthro",-0.675853020404876,-1.6887389675,-1.535157005,0.187245033499999,0.39220338525,FALSE,FALSE,FALSE
"Western Gull","WEGU","anthro",-0.0359619857403275,-1.726701045,-1.448455105,1.371291665,1.67070125,FALSE,FALSE,FALSE
"Western Kingbird","WEKI","anthro",2.0548442374125,1.72408765,1.783242715,2.326437245,2.37656075,TRUE,TRUE,FALSE
"Western Meadowlark","WEME","anthro",0.768527434127134,0.38079185925,0.44235344,1.09268884,1.1527707275,TRUE,TRUE,FALSE
"Western Screech-Owl","WESO","anthro",-0.102255676682823,-1.2945347175,-1.09684056,0.8439548825,1.0134504225,FALSE,FALSE,FALSE
"Western Tanager","WETA","anthro",-2.8221311811375,-3.4549012925,-3.35869885,-2.285964625,-2.185726695,TRUE,TRUE,FALSE
"Western Wood-Pewee","WEWP","anthro",-0.256910553161428,-0.78378129475,-0.6892587635,0.1655256285,0.23905396675,FALSE,FALSE,FALSE
"White Ibis","WHIB","anthro",1.13444460272111,0.29668294975,0.4278888045,1.826009195,1.9633206575,TRUE,TRUE,FALSE
"White-breasted Nuthatch","WBNU","anthro",-1.5449313072375,-1.797652225,-1.759398175,-1.32502406,-1.2874560175,TRUE,TRUE,FALSE
"White-crowned Sparrow","WCSP","anthro",-0.396328134557357,-1.46772478,-1.27785982,0.528608216999999,0.701729260749998,FALSE,FALSE,FALSE
"White-eyed Vireo","WEVI","anthro",-2.5589603671875,-2.8210726625,-2.7792028,-2.33500569,-2.2911853275,TRUE,TRUE,FALSE
"White-faced Ibis","WFIB","anthro",2.0685224410375,1.13326996,1.2843745,2.858982415,3.0029022875,TRUE,TRUE,FALSE
"White-headed Woodpecker","WHWO","anthro",-0.407988174710057,-2.040638405,-1.801317135,0.9835520675,1.2516797175,FALSE,FALSE,FALSE
"White-tailed Hawk","WTHA","anthro",-0.0536053372419066,-0.87434914525,-0.744401178,0.6238182155,0.7563029855,FALSE,FALSE,FALSE
"White-tailed Kite","WTKI","anthro",0.537644932638215,-0.24197607175,-0.104792981,1.17907059,1.3078092575,FALSE,FALSE,FALSE
"White-throated Sparrow","WTSP","anthro",-4.14547861325,-4.961982505,-4.83883242,-3.450450265,-3.3078124225,TRUE,TRUE,FALSE
"White-throated Swift","WTSW","anthro",0.122968884002603,-1.0757929325,-0.897555373,1.14984826,1.346260785,FALSE,FALSE,FALSE
"White-tipped Dove","WTDO","anthro",-0.367981089994706,-1.6311944575,-1.404037755,0.640229148499999,0.838616138999999,FALSE,FALSE,FALSE
"White-winged Crossbill","WWCR","anthro",-0.544931298551333,-2.2949000475,-2.02796774,0.9524083195,1.22492781,FALSE,FALSE,FALSE
"White-winged Dove","WWDO","anthro",1.11095691212972,0.4439891575,0.5581421235,1.67393582,1.7856254475,TRUE,TRUE,FALSE
"Wild Turkey","WITU","anthro",-0.527696337208625,-0.805150588,-0.759444649,-0.3034577385,-0.26030460475,TRUE,TRUE,FALSE
"Willet","WILL","anthro",-0.340670000399048,-1.11896896,-1.002303165,0.3242074325,0.4590210675,FALSE,FALSE,FALSE
"Williamson's Sapsucker","WISA","anthro",-1.19908022880302,-2.8935602175,-2.6178095,0.265126412999999,0.5244987305,FALSE,FALSE,FALSE
"Willow Flycatcher","WIFL","anthro",0.881759749435262,0.4889577405,0.556740518,1.21928646,1.2785240825,TRUE,TRUE,FALSE
"Wilson's Phalarope","WIPH","anthro",0.340825499627712,-0.3492272205,-0.239563653,0.9212713965,1.0268509225,FALSE,FALSE,FALSE
"Wilson's Plover","WIPL","anthro",0.0215831275379761,-1.464534245,-1.23159115,1.257741005,1.4880567175,FALSE,FALSE,FALSE
"Wilson's Snipe","WISN","anthro",0.464013459007375,-0.08280793595,0.002908521535,0.90829544,0.9857161985,TRUE,FALSE,TRUE
"Wilson's Warbler","WIWA","anthro",-2.03812564795,-2.749743645,-2.640452045,-1.41596293,-1.29588942,TRUE,TRUE,FALSE
"Wood Duck","WODU","anthro",0.291841253195309,1.18241462750076e-05,0.04716294795,0.5364592695,0.5809906245,TRUE,TRUE,FALSE
"Wood Stork","WOST","anthro",0.612922619880946,-0.258645159,-0.1184870825,1.355287595,1.499845425,FALSE,FALSE,FALSE
"Wood Thrush","WOTH","anthro",-2.2174299847,-2.4709771175,-2.42793379,-2.010546065,-1.96898293,TRUE,TRUE,FALSE
"Woodhouse's Scrub-Jay","WOSJ","anthro",-0.0416953748269799,-1.4099072,-1.202870045,1.128286195,1.3443804325,FALSE,FALSE,FALSE
"Worm-eating Warbler","WEWA","anthro",-3.076042554925,-3.7696351075,-3.645412385,-2.50073092,-2.397802675,TRUE,TRUE,FALSE
"Wrentit","WREN","anthro",-1.25682115981612,-2.5002551825,-2.31003137,-0.201299951000001,-0.00183190647750012,TRUE,TRUE,FALSE
"Yellow Rail","YERA","anthro",-1.16903643455663,-2.915303345,-2.64109592,0.291709467999999,0.595157117749999,FALSE,FALSE,FALSE
"Yellow Warbler","YEWA","anthro",-0.0296438790513561,-0.3188722685,-0.271107294,0.205221602,0.2498225885,FALSE,FALSE,FALSE
"Yellow-bellied Flycatcher","YBFL","anthro",-1.68012046292447,-3.166653505,-2.92140795,-0.447828646,-0.192056465,TRUE,TRUE,FALSE
"Yellow-bellied Sapsucker","YBSA","anthro",-2.960123349375,-3.4611413,-3.381879845,-2.52180938,-2.4397274675,TRUE,TRUE,FALSE
"Yellow-billed Cuckoo","YBCU","anthro",-1.10394446348625,-1.2885945875,-1.25833239,-0.9516042025,-0.9223747345,TRUE,TRUE,FALSE
"Yellow-billed Magpie","YBMA","anthro",1.13420811462051,0.14330268825,0.310407603,1.982009855,2.146384015,TRUE,TRUE,FALSE
"Yellow-breasted Chat","YBCH","anthro",-1.7662700833375,-2.09397855,-2.03900324,-1.49046686,-1.44474835,TRUE,TRUE,FALSE
"Yellow-crowned Night-Heron","YCNH","anthro",0.104059417840154,-0.5165284515,-0.422632078,0.6287635745,0.729739206749999,FALSE,FALSE,FALSE
"Yellow-headed Blackbird","YHBL","anthro",2.0092481325025,1.4012076975,1.499293765,2.55295264,2.64761291,TRUE,TRUE,FALSE
"Yellow-rumped Warbler","YRWA","anthro",-4.343407868275,-5.00825519,-4.887090125,-3.79544623,-3.681277355,TRUE,TRUE,FALSE
"Yellow-throated Vireo","YTVI","anthro",-2.5379972173875,-2.8231466725,-2.77965058,-2.29780541,-2.250019865,TRUE,TRUE,FALSE
"Yellow-throated Warbler","YTWA","anthro",-3.12599680505,-3.6219418175,-3.545278,-2.69601809,-2.6182597325,TRUE,TRUE,FALSE
"Zone-tailed Hawk","ZTHA","anthro",-0.230625740911967,-2.15679281,-1.822681455,1.401723415,1.7234889825,FALSE,FALSE,FALSE
