"Common.Name","Code","Group","spp.num","name","in_bbs_aou","in_bbs_name","in_bbs","bbs_english","order","family","genus","species"
"Abert's Towhee","ABTO","aridlands",5920,"Abert's Towhee",TRUE,TRUE,TRUE,"Abert's Towhee","Passeriformes","Passerellidae","Melozone","aberti"
"Acadian Flycatcher","ACFL","eastern_forests",4650,"Acadian Flycatcher",TRUE,TRUE,TRUE,"Acadian Flycatcher","Passeriformes","Tyrannidae","Empidonax","virescens"
"Acorn Woodpecker","ACWO","western_forests",4070,"Acorn Woodpecker",TRUE,TRUE,TRUE,"Acorn Woodpecker","Piciformes","Picidae","Melanerpes","formicivorus"
"Alder Flycatcher","ALFL","boreal_forests",4661,"Alder Flycatcher",TRUE,TRUE,TRUE,"Alder Flycatcher","Passeriformes","Tyrannidae","Empidonax","alnorum"
"Allen's Hummingbird","ALHU","aridlands",4340,"Allen's Hummingbird",TRUE,TRUE,TRUE,"Allen's Hummingbird","Apodiformes","Trochilidae","Selasphorus","sasin"
"Altamira Oriole","ALOR","subtropical_forests",5031,"Altamira Oriole",TRUE,TRUE,TRUE,"Altamira Oriole","Passeriformes","Icteridae","Icterus","gularis"
"American Avocet","AMAV","marshlands",2250,"American Avocet",TRUE,TRUE,TRUE,"American Avocet","Charadriiformes","Recurvirostridae","Recurvirostra","americana"
"American Bittern","AMBI","marshlands",1900,"American Bittern",TRUE,TRUE,TRUE,"American Bittern","Pelecaniformes","Ardeidae","Botaurus","lentiginosus"
"American Black Duck","ABDU","waterbirds",1330,"American Black Duck",TRUE,TRUE,TRUE,"American Black Duck","Anseriformes","Anatidae","Anas","rubripes"
"American Coot","AMCO","marshlands",2210,"American Coot",TRUE,TRUE,TRUE,"American Coot","Gruiformes","Rallidae","Fulica","americana"
"American Crow","AMCR","generalists",4880,"American Crow",TRUE,TRUE,TRUE,"American Crow","Passeriformes","Corvidae","Corvus","brachyrhynchos"
"American Dipper","AMDI","western_forests",7010,"American Dipper",TRUE,TRUE,TRUE,"American Dipper","Passeriformes","Cinclidae","Cinclus","mexicanus"
"American Golden-Plover","AMGP","waterbirds",2720,"American Golden-Plover",TRUE,TRUE,TRUE,"American Golden-Plover","Charadriiformes","Charadriidae","Pluvialis","dominica"
"American Goldfinch","AMGO","generalists",5290,"American Goldfinch",TRUE,TRUE,TRUE,"American Goldfinch","Passeriformes","Fringillidae","Spinus","tristis"
"American Kestrel","AMKE","generalists",3600,"American Kestrel",TRUE,TRUE,TRUE,"American Kestrel","Falconiformes","Falconidae","Falco","sparverius"
"American Oystercatcher","AMOY","coastal",2860,"American Oystercatcher",TRUE,TRUE,TRUE,"American Oystercatcher","Charadriiformes","Haematopodidae","Haematopus","palliatus"
"American Pipit","AMPI","arctic",6970,"American Pipit",TRUE,TRUE,TRUE,"American Pipit","Passeriformes","Motacillidae","Anthus","rubescens"
"American Redstart","AMRE","boreal_forests",6870,"American Redstart",TRUE,TRUE,TRUE,"American Redstart","Passeriformes","Parulidae","Setophaga","ruticilla"
"American Robin","AMRO","generalists",7610,"American Robin",TRUE,TRUE,TRUE,"American Robin","Passeriformes","Turdidae","Turdus","migratorius"
"American Three-toed Woodpecker","ATTW","boreal_forests",4010,"American Three-toed Woodpecker",TRUE,TRUE,TRUE,"American Three-toed Woodpecker","Piciformes","Picidae","Picoides","dorsalis"
"American Tree Sparrow","ATSP","arctic",5590,"American Tree Sparrow",TRUE,TRUE,TRUE,"American Tree Sparrow","Passeriformes","Passerellidae","Spizelloides","arborea"
"American White Pelican","AWPE","marshlands",1250,"American White Pelican",TRUE,TRUE,TRUE,"American White Pelican","Pelecaniformes","Pelecanidae","Pelecanus","erythrorhynchos"
"American Wigeon","AMWI","marshlands",1370,"American Wigeon",TRUE,TRUE,TRUE,"American Wigeon","Anseriformes","Anatidae","Mareca","americana"
"American Woodcock","AMWO","eastern_forests",2280,"American Woodcock",TRUE,TRUE,TRUE,"American Woodcock","Charadriiformes","Scolopacidae","Scolopax","minor"
"Ancient Murrelet","ANMU","coastal",210,"Ancient Murrelet",TRUE,TRUE,TRUE,"Ancient Murrelet","Charadriiformes","Alcidae","Synthliboramphus","antiquus"
"Anhinga","ANHI","marshlands",1180,"Anhinga",TRUE,TRUE,TRUE,"Anhinga","Suliformes","Anhingidae","Anhinga","anhinga"
"Anna's Hummingbird","ANHU","generalists",4310,"Anna's Hummingbird",TRUE,TRUE,TRUE,"Anna's Hummingbird","Apodiformes","Trochilidae","Calypte","anna"
"Aplomado Falcon","APFA","grasslands",3590,"Aplomado Falcon",TRUE,TRUE,TRUE,"Aplomado Falcon","Falconiformes","Falconidae","Falco","femoralis"
"Arctic Tern","ARTE","waterbirds",710,"Arctic Tern",TRUE,TRUE,TRUE,"Arctic Tern","Charadriiformes","Laridae","Sterna","paradisaea"
"Arctic Warbler","ARWA","arctic",7470,"Arctic Warbler",TRUE,TRUE,TRUE,"Arctic Warbler","Passeriformes","Phylloscopidae","Phylloscopus","borealis"
"Arizona Woodpecker","ARWO","subtropical_forests",3980,"Arizona Woodpecker",FALSE,TRUE,TRUE,"Arizona Woodpecker","Piciformes","Picidae","Dryobates","arizonae"
"Ash-throated Flycatcher","ATFL","aridlands",4540,"Ash-throated Flycatcher",TRUE,TRUE,TRUE,"Ash-throated Flycatcher","Passeriformes","Tyrannidae","Myiarchus","cinerascens"
"Audubon's Oriole","AUOR","subtropical_forests",5030,"Audubon's Oriole",TRUE,TRUE,TRUE,"Audubon's Oriole","Passeriformes","Icteridae","Icterus","graduacauda"
"Bachman's Sparrow","BACS","eastern_forests",5750,"Bachman's Sparrow",TRUE,TRUE,TRUE,"Bachman's Sparrow","Passeriformes","Passerellidae","Peucaea","aestivalis"
"Baird's Sandpiper","BASA","waterbirds",2410,"Baird's Sandpiper",TRUE,TRUE,TRUE,"Baird's Sandpiper","Charadriiformes","Scolopacidae","Calidris","bairdii"
"Baird's Sparrow","BAIS","grasslands",5450,"Baird's Sparrow",TRUE,TRUE,TRUE,"Baird's Sparrow","Passeriformes","Passerellidae","Centronyx","bairdii"
"Bald Eagle","BAEA","generalists",3520,"Bald Eagle",TRUE,TRUE,TRUE,"Bald Eagle","Accipitriformes","Accipitridae","Haliaeetus","leucocephalus"
"Baltimore Oriole","BAOR","eastern_forests",5070,"Baltimore Oriole",TRUE,TRUE,TRUE,"Baltimore Oriole","Passeriformes","Icteridae","Icterus","galbula"
"Band-tailed Pigeon","BTPI","western_forests",3120,"Band-tailed Pigeon",TRUE,TRUE,TRUE,"Band-tailed Pigeon","Columbiformes","Columbidae","Patagioenas","fasciata"
"Bank Swallow","BANS","generalists",6160,"Bank Swallow",TRUE,TRUE,TRUE,"Bank Swallow","Passeriformes","Hirundinidae","Riparia","riparia"
"Barn Owl","BANO","generalists",NA,NA,FALSE,FALSE,FALSE,NA,NA,NA,NA,NA
"Barn Swallow","BARS","generalists",6130,"Barn Swallow",TRUE,TRUE,TRUE,"Barn Swallow","Passeriformes","Hirundinidae","Hirundo","rustica"
"Barred Owl","BADO","eastern_forests",NA,NA,FALSE,TRUE,TRUE,"Barred Owl","Strigiformes","Strigidae","Strix","varia"
"Barrow's Goldeneye","BAGO","waterbirds",1520,"Barrow's Goldeneye",TRUE,TRUE,TRUE,"Barrow's Goldeneye","Anseriformes","Anatidae","Bucephala","islandica"
"Bay-breasted Warbler","BBWA","boreal_forests",6600,"Bay-breasted Warbler",TRUE,TRUE,TRUE,"Bay-breasted Warbler","Passeriformes","Parulidae","Setophaga","castanea"
"Bell's Sparrow","BESP","aridlands",5744,"Bell's Sparrow",FALSE,TRUE,TRUE,"Bell's Sparrow","Passeriformes","Passerellidae","Artemisiospiza","belli"
"Bell's Vireo","BEVI","aridlands",6330,"Bell's Vireo",TRUE,TRUE,TRUE,"Bell's Vireo","Passeriformes","Vireonidae","Vireo","bellii"
"Belted Kingfisher","BEKI","generalists",3900,"Belted Kingfisher",TRUE,TRUE,TRUE,"Belted Kingfisher","Coraciiformes","Alcedinidae","Megaceryle","alcyon"
"Bendire's Thrasher","BETH","aridlands",7080,"Bendire's Thrasher",TRUE,TRUE,TRUE,"Bendire's Thrasher","Passeriformes","Mimidae","Toxostoma","bendirei"
"Bewick's Wren","BEWR","aridlands",7190,"Bewick's Wren",TRUE,TRUE,TRUE,"Bewick's Wren","Passeriformes","Troglodytidae","Thryomanes","bewickii"
"Black Guillemot","BLGU","coastal",270,"Black Guillemot",TRUE,TRUE,TRUE,"Black Guillemot","Charadriiformes","Alcidae","Cepphus","grylle"
"Black Oystercatcher","BLOY","coastal",2870,"Black Oystercatcher",TRUE,TRUE,TRUE,"Black Oystercatcher","Charadriiformes","Haematopodidae","Haematopus","bachmani"
"Black Phoebe","BLPH","generalists",4580,"Black Phoebe",TRUE,TRUE,TRUE,"Black Phoebe","Passeriformes","Tyrannidae","Sayornis","nigricans"
"Black Rail","BLRA","marshlands",2160,"Black Rail",TRUE,TRUE,TRUE,"Black Rail","Gruiformes","Rallidae","Laterallus","jamaicensis"
"Black Rosy-Finch","BLRF","arctic",5250,"Black Rosy-Finch",TRUE,TRUE,TRUE,"Black Rosy-Finch","Passeriformes","Fringillidae","Leucosticte","atrata"
"Black Scoter","BLSC","coastal",1630,"Black Scoter",TRUE,TRUE,TRUE,"Black Scoter","Anseriformes","Anatidae","Melanitta","americana"
"Black Skimmer","BLSK","coastal",800,"Black Skimmer",TRUE,TRUE,TRUE,"Black Skimmer","Charadriiformes","Laridae","Rynchops","niger"
"Black Swift","BLSW","western_forests",4220,"Black Swift",TRUE,TRUE,TRUE,"Black Swift","Apodiformes","Apodidae","Cypseloides","niger"
"Black Tern","BLTE","marshlands",770,"Black Tern",TRUE,TRUE,TRUE,"Black Tern","Charadriiformes","Laridae","Chlidonias","niger"
"Black Turnstone","BLTU","waterbirds",2840,"Black Turnstone",TRUE,TRUE,TRUE,"Black Turnstone","Charadriiformes","Scolopacidae","Arenaria","melanocephala"
"Black Vulture","BLVU","generalists",3260,"Black Vulture",TRUE,TRUE,TRUE,"Black Vulture","Cathartiformes","Cathartidae","Coragyps","atratus"
"Black-and-white Warbler","BAWW","eastern_forests",6360,"Black-and-white Warbler",TRUE,TRUE,TRUE,"Black-and-white Warbler","Passeriformes","Parulidae","Mniotilta","varia"
"Black-backed Woodpecker","BBWO","boreal_forests",4000,"Black-backed Woodpecker",TRUE,TRUE,TRUE,"Black-backed Woodpecker","Piciformes","Picidae","Picoides","arcticus"
"Black-bellied Plover","BBPL","waterbirds",2700,"Black-bellied Plover",TRUE,TRUE,TRUE,"Black-bellied Plover","Charadriiformes","Charadriidae","Pluvialis","squatarola"
"Black-bellied Whistling-Duck","BBWD","marshlands",1770,"Black-bellied Whistling-Duck",TRUE,TRUE,TRUE,"Black-bellied Whistling-Duck","Anseriformes","Anatidae","Dendrocygna","autumnalis"
"Black-billed Cuckoo","BBCU","eastern_forests",3880,"Black-billed Cuckoo",TRUE,TRUE,TRUE,"Black-billed Cuckoo","Cuculiformes","Cuculidae","Coccyzus","erythropthalmus"
"Black-billed Magpie","BBMA","generalists",4750,"Black-billed Magpie",TRUE,TRUE,TRUE,"Black-billed Magpie","Passeriformes","Corvidae","Pica","hudsonia"
"Blackburnian Warbler","BLBW","boreal_forests",6620,"Blackburnian Warbler",TRUE,TRUE,TRUE,"Blackburnian Warbler","Passeriformes","Parulidae","Setophaga","fusca"
"Black-capped Chickadee","BCCH","boreal_forests",7350,"Black-capped Chickadee",TRUE,TRUE,TRUE,"Black-capped Chickadee","Passeriformes","Paridae","Poecile","atricapillus"
"Black-capped Vireo","BCVI","aridlands",6300,"Black-capped Vireo",TRUE,TRUE,TRUE,"Black-capped Vireo","Passeriformes","Vireonidae","Vireo","atricapilla"
"Black-chinned Hummingbird","BCHU","aridlands",4290,"Black-chinned Hummingbird",TRUE,TRUE,TRUE,"Black-chinned Hummingbird","Apodiformes","Trochilidae","Archilochus","alexandri"
"Black-chinned Sparrow","BCSP","aridlands",5650,"Black-chinned Sparrow",TRUE,TRUE,TRUE,"Black-chinned Sparrow","Passeriformes","Passerellidae","Spizella","atrogularis"
"Black-crested Titmouse","BCTI","subtropical_forests",7320,"Black-crested Titmouse",TRUE,TRUE,TRUE,"Black-crested Titmouse","Passeriformes","Paridae","Baeolophus","atricristatus"
"Black-crowned Night-Heron","BCNH","marshlands",2020,"Black-crowned Night-Heron",TRUE,FALSE,TRUE,"Black-crowned Night Heron","Pelecaniformes","Ardeidae","Nycticorax","nycticorax"
"Black-headed Grosbeak","BHGR","western_forests",5960,"Black-headed Grosbeak",TRUE,TRUE,TRUE,"Black-headed Grosbeak","Passeriformes","Cardinalidae","Pheucticus","melanocephalus"
"Black-headed Gull","BHGU","coastal",551,"Black-headed Gull",TRUE,TRUE,TRUE,"Black-headed Gull","Charadriiformes","Laridae","Chroicocephalus","ridibundus"
"Black-legged Kittiwake","BLKI","coastal",400,"Black-legged Kittiwake",TRUE,TRUE,TRUE,"Black-legged Kittiwake","Charadriiformes","Laridae","Rissa","tridactyla"
"Black-necked Stilt","BNST","marshlands",2260,"Black-necked Stilt",TRUE,TRUE,TRUE,"Black-necked Stilt","Charadriiformes","Recurvirostridae","Himantopus","mexicanus"
"Blackpoll Warbler","BLPW","boreal_forests",6610,"Blackpoll Warbler",TRUE,TRUE,TRUE,"Blackpoll Warbler","Passeriformes","Parulidae","Setophaga","striata"
"Black-tailed Gnatcatcher","BTGN","aridlands",7520,"Black-tailed Gnatcatcher",TRUE,TRUE,TRUE,"Black-tailed Gnatcatcher","Passeriformes","Polioptilidae","Polioptila","melanura"
"Black-throated Blue Warbler","BTBW","eastern_forests",6540,"Black-throated Blue Warbler",TRUE,TRUE,TRUE,"Black-throated Blue Warbler","Passeriformes","Parulidae","Setophaga","caerulescens"
"Black-throated Gray Warbler","BTYW","western_forests",6650,"Black-throated Gray Warbler",TRUE,TRUE,TRUE,"Black-throated Gray Warbler","Passeriformes","Parulidae","Setophaga","nigrescens"
"Black-throated Green Warbler","BTNW","eastern_forests",6670,"Black-throated Green Warbler",TRUE,TRUE,TRUE,"Black-throated Green Warbler","Passeriformes","Parulidae","Setophaga","virens"
"Black-throated Sparrow","BTSP","aridlands",5730,"Black-throated Sparrow",TRUE,TRUE,TRUE,"Black-throated Sparrow","Passeriformes","Passerellidae","Amphispiza","bilineata"
"Black-vented Shearwater","BVSH","coastal",930,"Black-vented Shearwater",FALSE,FALSE,FALSE,NA,NA,NA,NA,NA
"Blue Grosbeak","BLGR","subtropical_forests",5970,"Blue Grosbeak",TRUE,TRUE,TRUE,"Blue Grosbeak","Passeriformes","Cardinalidae","Passerina","caerulea"
"Blue Jay","BLJA","eastern_forests",4770,"Blue Jay",TRUE,TRUE,TRUE,"Blue Jay","Passeriformes","Corvidae","Cyanocitta","cristata"
"Blue-gray Gnatcatcher","BGGN","generalists",7510,"Blue-gray Gnatcatcher",TRUE,TRUE,TRUE,"Blue-gray Gnatcatcher","Passeriformes","Polioptilidae","Polioptila","caerulea"
"Blue-headed Vireo","BHVI","eastern_forests",6290,"Blue-headed Vireo",TRUE,TRUE,TRUE,"Blue-headed Vireo","Passeriformes","Vireonidae","Vireo","solitarius"
"Blue-winged Teal","BWTE","marshlands",1400,"Blue-winged Teal",TRUE,TRUE,TRUE,"Blue-winged Teal","Anseriformes","Anatidae","Spatula","discors"
"Blue-winged Warbler","BWWA","eastern_forests",6410,"Blue-winged Warbler",TRUE,TRUE,TRUE,"Blue-winged Warbler","Passeriformes","Parulidae","Vermivora","cyanoptera"
"Boat-tailed Grackle","BTGR","coastal",5130,"Boat-tailed Grackle",TRUE,TRUE,TRUE,"Boat-tailed Grackle","Passeriformes","Icteridae","Quiscalus","major"
"Bobolink","BOBO","grasslands",4940,"Bobolink",TRUE,TRUE,TRUE,"Bobolink","Passeriformes","Icteridae","Dolichonyx","oryzivorus"
"Bohemian Waxwing","BOWA","boreal_forests",6180,"Bohemian Waxwing",TRUE,TRUE,TRUE,"Bohemian Waxwing","Passeriformes","Bombycillidae","Bombycilla","garrulus"
"Bonaparte's Gull","BOGU","waterbirds",600,"Bonaparte's Gull",TRUE,TRUE,TRUE,"Bonaparte's Gull","Charadriiformes","Laridae","Chroicocephalus","philadelphia"
"Boreal Chickadee","BOCH","boreal_forests",7400,"Boreal Chickadee",TRUE,TRUE,TRUE,"Boreal Chickadee","Passeriformes","Paridae","Poecile","hudsonicus"
"Boreal Owl","BOOW","boreal_forests",3710,"Boreal Owl",TRUE,TRUE,TRUE,"Boreal Owl","Strigiformes","Strigidae","Aegolius","funereus"
"Botteri's Sparrow","BOSP","grasslands",5760,"Botteri's Sparrow",TRUE,TRUE,TRUE,"Botteri's Sparrow","Passeriformes","Passerellidae","Peucaea","botterii"
"Brandt's Cormorant","BRAC","coastal",1220,"Brandt's Cormorant",TRUE,TRUE,TRUE,"Brandt's Cormorant","Suliformes","Phalacrocoracidae","Urile","penicillatus"
"Brant","BRAN","waterbirds",NA,NA,FALSE,TRUE,TRUE,"Brant","Anseriformes","Anatidae","Branta","bernicla"
"Brewer's Blackbird","BRBL","generalists",5100,"Brewer's Blackbird",TRUE,TRUE,TRUE,"Brewer's Blackbird","Passeriformes","Icteridae","Euphagus","cyanocephalus"
"Brewer's Sparrow","BRSP","aridlands",5620,"Brewer's Sparrow",TRUE,TRUE,TRUE,"Brewer's Sparrow","Passeriformes","Passerellidae","Spizella","breweri"
"Bridled Titmouse","BRTI","subtropical_forests",7340,"Bridled Titmouse",TRUE,TRUE,TRUE,"Bridled Titmouse","Passeriformes","Paridae","Baeolophus","wollweberi"
"Broad-billed Hummingbird","BBIH","subtropical_forests",NA,NA,FALSE,TRUE,TRUE,"Broad-billed Hummingbird","Apodiformes","Trochilidae","Cynanthus","latirostris"
"Broad-tailed Hummingbird","BTAH","western_forests",NA,NA,FALSE,TRUE,TRUE,"Broad-tailed Hummingbird","Apodiformes","Trochilidae","Selasphorus","platycercus"
"Broad-winged Hawk","BWHA","eastern_forests",3430,"Broad-winged Hawk",TRUE,TRUE,TRUE,"Broad-winged Hawk","Accipitriformes","Accipitridae","Buteo","platypterus"
"Bronzed Cowbird","BROC","aridlands",4960,"Bronzed Cowbird",TRUE,TRUE,TRUE,"Bronzed Cowbird","Passeriformes","Icteridae","Molothrus","aeneus"
"Brown Creeper","BRCR","western_forests",7260,"Brown Creeper",TRUE,TRUE,TRUE,"Brown Creeper","Passeriformes","Certhiidae","Certhia","americana"
"Brown Pelican","BRPE","coastal",1260,"Brown Pelican",TRUE,TRUE,TRUE,"Brown Pelican","Pelecaniformes","Pelecanidae","Pelecanus","occidentalis"
"Brown Thrasher","BRTH","eastern_forests",7050,"Brown Thrasher",TRUE,TRUE,TRUE,"Brown Thrasher","Passeriformes","Mimidae","Toxostoma","rufum"
"Brown-capped Rosy-Finch","BCRF","arctic",5260,"Brown-capped Rosy-Finch",TRUE,TRUE,TRUE,"Brown-capped Rosy-Finch","Passeriformes","Fringillidae","Leucosticte","australis"
"Brown-crested Flycatcher","BCFL","aridlands",4530,"Brown-crested Flycatcher",TRUE,TRUE,TRUE,"Brown-crested Flycatcher","Passeriformes","Tyrannidae","Myiarchus","tyrannulus"
"Brown-headed Cowbird","BHCO","generalists",4950,"Brown-headed Cowbird",TRUE,TRUE,TRUE,"Brown-headed Cowbird","Passeriformes","Icteridae","Molothrus","ater"
"Brown-headed Nuthatch","BHNU","eastern_forests",7290,"Brown-headed Nuthatch",TRUE,TRUE,TRUE,"Brown-headed Nuthatch","Passeriformes","Sittidae","Sitta","pusilla"
"Buff-bellied Hummingbird","BBEH","subtropical_forests",NA,NA,FALSE,TRUE,TRUE,"Buff-bellied Hummingbird","Apodiformes","Trochilidae","Amazilia","yucatanensis"
"Buff-breasted Sandpiper","BBSA","waterbirds",2620,"Buff-breasted Sandpiper",TRUE,TRUE,TRUE,"Buff-breasted Sandpiper","Charadriiformes","Scolopacidae","Calidris","subruficollis"
"Bufflehead","BUFF","waterbirds",1530,"Bufflehead",TRUE,TRUE,TRUE,"Bufflehead","Anseriformes","Anatidae","Bucephala","albeola"
"Bullock's Oriole","BUOR","western_forests",5080,"Bullock's Oriole",TRUE,TRUE,TRUE,"Bullock's Oriole","Passeriformes","Icteridae","Icterus","bullockii"
"Burrowing Owl","BUOW","grasslands",3780,"Burrowing Owl",TRUE,TRUE,TRUE,"Burrowing Owl","Strigiformes","Strigidae","Athene","cunicularia"
"Bushtit","BUSH","western_forests",7430,"Bushtit",TRUE,TRUE,TRUE,"Bushtit","Passeriformes","Aegithalidae","Psaltriparus","minimus"
"Cackling Goose","CACG","marshlands",1722,"Cackling Goose",FALSE,TRUE,TRUE,"Cackling Goose","Anseriformes","Anatidae","Branta","hutchinsii"
"Cactus Wren","CACW","aridlands",7130,"Cactus Wren",TRUE,TRUE,TRUE,"Cactus Wren","Passeriformes","Troglodytidae","Campylorhynchus","brunneicapillus"
"California Gnatcatcher","CAGN","aridlands",7530,"California Gnatcatcher",TRUE,TRUE,TRUE,"California Gnatcatcher","Passeriformes","Polioptilidae","Polioptila","californica"
"California Gull","CAGU","waterbirds",530,"California Gull",TRUE,TRUE,TRUE,"California Gull","Charadriiformes","Laridae","Larus","californicus"
"California Quail","CAQU","aridlands",NA,NA,FALSE,TRUE,TRUE,"California Quail","Galliformes","Odontophoridae","Callipepla","californica"
"California Scrub-Jay","CASJ","western_forests",NA,NA,FALSE,TRUE,TRUE,"California Scrub-Jay","Passeriformes","Corvidae","Aphelocoma","californica"
"California Thrasher","CATH","aridlands",7100,"California Thrasher",TRUE,TRUE,TRUE,"California Thrasher","Passeriformes","Mimidae","Toxostoma","redivivum"
"California Towhee","CALT","aridlands",5911,"California Towhee",TRUE,TRUE,TRUE,"California Towhee","Passeriformes","Passerellidae","Melozone","crissalis"
"Calliope Hummingbird","CAHU","western_forests",4360,"Calliope Hummingbird",TRUE,TRUE,TRUE,"Calliope Hummingbird","Apodiformes","Trochilidae","Selasphorus","calliope"
"Canada Goose","CANG","waterbirds",NA,NA,FALSE,TRUE,TRUE,"Canada Goose","Anseriformes","Anatidae","Branta","canadensis"
"Canada Jay","CAJA","boreal_forests",NA,NA,FALSE,TRUE,TRUE,"Canada Jay","Passeriformes","Corvidae","Perisoreus","canadensis"
"Canada Warbler","CAWA","boreal_forests",6860,"Canada Warbler",TRUE,TRUE,TRUE,"Canada Warbler","Passeriformes","Parulidae","Cardellina","canadensis"
"Canvasback","CANV","marshlands",1470,"Canvasback",TRUE,TRUE,TRUE,"Canvasback","Anseriformes","Anatidae","Aythya","valisineria"
"Canyon Towhee","CANT","aridlands",5910,"Canyon Towhee",TRUE,TRUE,TRUE,"Canyon Towhee","Passeriformes","Passerellidae","Melozone","fusca"
"Canyon Wren","CANW","aridlands",7170,"Canyon Wren",TRUE,TRUE,TRUE,"Canyon Wren","Passeriformes","Troglodytidae","Catherpes","mexicanus"
"Cape May Warbler","CMWA","boreal_forests",6500,"Cape May Warbler",TRUE,TRUE,TRUE,"Cape May Warbler","Passeriformes","Parulidae","Setophaga","tigrina"
"Carolina Chickadee","CACH","eastern_forests",7360,"Carolina Chickadee",TRUE,TRUE,TRUE,"Carolina Chickadee","Passeriformes","Paridae","Poecile","carolinensis"
"Carolina Wren","CARW","eastern_forests",7180,"Carolina Wren",TRUE,TRUE,TRUE,"Carolina Wren","Passeriformes","Troglodytidae","Thryothorus","ludovicianus"
"Caspian Tern","CATE","waterbirds",640,"Caspian Tern",TRUE,TRUE,TRUE,"Caspian Tern","Charadriiformes","Laridae","Hydroprogne","caspia"
"Cassin's Auklet","CAAU","coastal",160,"Cassin's Auklet",TRUE,TRUE,TRUE,"Cassin's Auklet","Charadriiformes","Alcidae","Ptychoramphus","aleuticus"
"Cassin's Finch","CAFI","western_forests",5180,"Cassin's Finch",TRUE,TRUE,TRUE,"Cassin's Finch","Passeriformes","Fringillidae","Haemorhous","cassinii"
"Cassin's Kingbird","CAKI","aridlands",4480,"Cassin's Kingbird",TRUE,TRUE,TRUE,"Cassin's Kingbird","Passeriformes","Tyrannidae","Tyrannus","vociferans"
"Cassin's Sparrow","CASP","grasslands",5780,"Cassin's Sparrow",TRUE,TRUE,TRUE,"Cassin's Sparrow","Passeriformes","Passerellidae","Peucaea","cassinii"
"Cassin's Vireo","CAVI","western_forests",6292,"Cassin's Vireo",TRUE,TRUE,TRUE,"Plumbeous Vireo","Passeriformes","Vireonidae","Vireo","plumbeus"
"Cattle Egret","CAEG","waterbirds",2001,"Cattle Egret",TRUE,FALSE,TRUE,"Western Cattle-Egret","Pelecaniformes","Ardeidae","Ardea","ibis"
"Cave Swallow","CASW","aridlands",6121,"Cave Swallow",TRUE,TRUE,TRUE,"Cave Swallow","Passeriformes","Hirundinidae","Petrochelidon","fulva"
"Cedar Waxwing","CEDW","generalists",6190,"Cedar Waxwing",TRUE,TRUE,TRUE,"Cedar Waxwing","Passeriformes","Bombycillidae","Bombycilla","cedrorum"
"Cerulean Warbler","CERW","eastern_forests",6580,"Cerulean Warbler",TRUE,TRUE,TRUE,"Cerulean Warbler","Passeriformes","Parulidae","Setophaga","cerulea"
"Chestnut-backed Chickadee","CBCH","western_forests",7410,"Chestnut-backed Chickadee",TRUE,TRUE,TRUE,"Chestnut-backed Chickadee","Passeriformes","Paridae","Poecile","rufescens"
"Chestnut-collared Longspur","CCLO","grasslands",5380,"Chestnut-collared Longspur",TRUE,TRUE,TRUE,"Chestnut-collared Longspur","Passeriformes","Calcariidae","Calcarius","ornatus"
"Chestnut-sided Warbler","CSWA","eastern_forests",6590,"Chestnut-sided Warbler",TRUE,TRUE,TRUE,"Chestnut-sided Warbler","Passeriformes","Parulidae","Setophaga","pensylvanica"
"Chihuahuan Raven","CHRA","aridlands",4870,"Chihuahuan Raven",TRUE,TRUE,TRUE,"Chihuahuan Raven","Passeriformes","Corvidae","Corvus","cryptoleucus"
"Chimney Swift","CHSW","eastern_forests",4230,"Chimney Swift",TRUE,TRUE,TRUE,"Chimney Swift","Apodiformes","Apodidae","Chaetura","pelagica"
"Chipping Sparrow","CHSP","generalists",5600,"Chipping Sparrow",TRUE,TRUE,TRUE,"Chipping Sparrow","Passeriformes","Passerellidae","Spizella","passerina"
"Chuck-will's-widow","CWWI","eastern_forests",4160,"Chuck-will's-widow",TRUE,TRUE,TRUE,"Chuck-will's-widow","Caprimulgiformes","Caprimulgidae","Antrostomus","carolinensis"
"Chukar","CHUK","aridlands",NA,NA,FALSE,TRUE,TRUE,"Chukar","Galliformes","Phasianidae","Alectoris","chukar"
"Cinnamon Teal","CITE","marshlands",1410,"Cinnamon Teal",TRUE,TRUE,TRUE,"Cinnamon Teal","Anseriformes","Anatidae","Spatula","cyanoptera"
"Clapper Rail","CLRA","coastal",2110,"Clapper Rail",TRUE,TRUE,TRUE,"Clapper Rail","Gruiformes","Rallidae","Rallus","crepitans"
"Clark's Grebe","CLGR","marshlands",11,"Clark's Grebe",TRUE,TRUE,TRUE,"Clark's Grebe","Podicipediformes","Podicipedidae","Aechmophorus","clarkii"
"Clark's Nutcracker","CLNU","western_forests",4910,"Clark's Nutcracker",TRUE,TRUE,TRUE,"Clark's Nutcracker","Passeriformes","Corvidae","Nucifraga","columbiana"
"Clay-colored Sparrow","CCSP","grasslands",5610,"Clay-colored Sparrow",TRUE,TRUE,TRUE,"Clay-colored Sparrow","Passeriformes","Passerellidae","Spizella","pallida"
"Cliff Swallow","CLSW","generalists",6120,"Cliff Swallow",TRUE,TRUE,TRUE,"Cliff Swallow","Passeriformes","Hirundinidae","Petrochelidon","pyrrhonota"
"Common Eider","COEI","coastal",1590,"Common Eider",TRUE,TRUE,TRUE,"Common Eider","Anseriformes","Anatidae","Somateria","mollissima"
"Common Gallinule","COGA","marshlands",2190,"Common Gallinule",TRUE,TRUE,TRUE,"Common Gallinule","Gruiformes","Rallidae","Gallinula","galeata"
"Common Goldeneye","COGO","waterbirds",1510,"Common Goldeneye",TRUE,TRUE,TRUE,"Common Goldeneye","Anseriformes","Anatidae","Bucephala","clangula"
"Common Grackle","COGR","eastern_forests",5110,"Common Grackle",TRUE,TRUE,TRUE,"Common Grackle","Passeriformes","Icteridae","Quiscalus","quiscula"
"Common Ground-Dove","COGD","aridlands",3200,"Common Ground-Dove",TRUE,FALSE,TRUE,"Common Ground Dove","Columbiformes","Columbidae","Columbina","passerina"
"Common Loon","COLO","waterbirds",70,"Common Loon",TRUE,TRUE,TRUE,"Common Loon","Gaviiformes","Gaviidae","Gavia","immer"
"Common Merganser","COME","waterbirds",1290,"Common Merganser",TRUE,TRUE,TRUE,"Common Merganser","Anseriformes","Anatidae","Mergus","merganser"
"Common Murre","COMU","coastal",300,"Common Murre",TRUE,TRUE,TRUE,"Common Murre","Charadriiformes","Alcidae","Uria","aalge"
"Common Myna","COMY","urban_suburban",4932,"Common Myna",TRUE,TRUE,TRUE,"Common Myna","Passeriformes","Sturnidae","Acridotheres","tristis"
"Common Nighthawk","CONI","generalists",4200,"Common Nighthawk",TRUE,TRUE,TRUE,"Common Nighthawk","Caprimulgiformes","Caprimulgidae","Chordeiles","minor"
"Common Pauraque","COPA","subtropical_forests",4190,"Common Pauraque",TRUE,TRUE,TRUE,"Common Pauraque","Caprimulgiformes","Caprimulgidae","Nyctidromus","albicollis"
"Common Poorwill","COPO","aridlands",4180,"Common Poorwill",TRUE,TRUE,TRUE,"Common Poorwill","Caprimulgiformes","Caprimulgidae","Phalaenoptilus","nuttallii"
"Common Raven","CORA","generalists",4860,"Common Raven",TRUE,TRUE,TRUE,"Common Raven","Passeriformes","Corvidae","Corvus","corax"
"Common Redpoll","CORE","arctic",5280,"Common Redpoll",TRUE,FALSE,TRUE,"(Common Redpoll) Redpoll","Passeriformes","Fringillidae","Acanthis","flammea flammea"
"Common Tern","COTE","waterbirds",700,"Common Tern",TRUE,TRUE,TRUE,"Common Tern","Charadriiformes","Laridae","Sterna","hirundo"
"Common Yellowthroat","COYE","generalists",6810,"Common Yellowthroat",TRUE,TRUE,TRUE,"Common Yellowthroat","Passeriformes","Parulidae","Geothlypis","trichas"
"Connecticut Warbler","CONW","boreal_forests",6780,"Connecticut Warbler",TRUE,TRUE,TRUE,"Connecticut Warbler","Passeriformes","Parulidae","Oporornis","agilis"
"Cooper's Hawk","COHA","generalists",3330,"Cooper's Hawk",TRUE,TRUE,TRUE,"Cooper's Hawk","Accipitriformes","Accipitridae","Accipiter","cooperii"
"Cordilleran Flycatcher","COFL","western_forests",4640,"Cordilleran Flycatcher",TRUE,FALSE,TRUE,"(Cordilleran Flycatcher) Western Flycatcher","Passeriformes","Tyrannidae","Empidonax","difficilis occidentalis"
"Costa's Hummingbird","COHU","aridlands",4300,"Costa's Hummingbird",TRUE,TRUE,TRUE,"Costa's Hummingbird","Apodiformes","Trochilidae","Calypte","costae"
"Couch's Kingbird","COKI","subtropical_forests",4461,"Couch's Kingbird",TRUE,TRUE,TRUE,"Couch's Kingbird","Passeriformes","Tyrannidae","Tyrannus","couchii"
"Crested Caracara","CRCA","aridlands",3620,"Crested Caracara",TRUE,TRUE,TRUE,"Crested Caracara","Falconiformes","Falconidae","Caracara","plancus"
"Crissal Thrasher","CRTH","aridlands",7120,"Crissal Thrasher",TRUE,TRUE,TRUE,"Crissal Thrasher","Passeriformes","Mimidae","Toxostoma","crissale"
"Curve-billed Thrasher","CBTH","aridlands",7070,"Curve-billed Thrasher",TRUE,TRUE,TRUE,"Curve-billed Thrasher","Passeriformes","Mimidae","Toxostoma","curvirostre"
"Dark-eyed Junco","DEJU","western_forests",5677,NA,TRUE,FALSE,TRUE,"Dark-eyed Junco (all forms)","Passeriformes","Passerellidae","Junco","hyemalis"
"Dickcissel","DICK","grasslands",6040,"Dickcissel",TRUE,TRUE,TRUE,"Dickcissel","Passeriformes","Cardinalidae","Spiza","americana"
"Double-crested Cormorant","DCCO","waterbirds",1200,"Double-crested Cormorant",TRUE,TRUE,TRUE,"Double-crested Cormorant","Suliformes","Phalacrocoracidae","Nannopterum","auritum"
"Dovekie","DOVE","coastal",340,"Dovekie",FALSE,FALSE,FALSE,NA,NA,NA,NA,NA
"Downy Woodpecker","DOWO","generalists",3940,"Downy Woodpecker",TRUE,TRUE,TRUE,"Downy Woodpecker","Piciformes","Picidae","Dryobates","pubescens"
"Dunlin","DUNL","waterbirds",2430,"Dunlin",TRUE,TRUE,TRUE,"Dunlin","Charadriiformes","Scolopacidae","Calidris","alpina"
"Dusky Flycatcher","DUFL","western_forests",4690,"Dusky Flycatcher",TRUE,TRUE,TRUE,"Dusky Flycatcher","Passeriformes","Tyrannidae","Empidonax","oberholseri"
"Dusky Grouse","DUGR","western_forests",NA,NA,FALSE,TRUE,TRUE,"Dusky Grouse","Galliformes","Phasianidae","Dendragapus","obscurus"
"Dusky-capped Flycatcher","DCFL","western_forests",4550,"Dusky-capped Flycatcher",TRUE,TRUE,TRUE,"Dusky-capped Flycatcher","Passeriformes","Tyrannidae","Myiarchus","tuberculifer"
"Eared Grebe","EAGR","marshlands",40,"Eared Grebe",TRUE,TRUE,TRUE,"Eared Grebe","Podicipediformes","Podicipedidae","Podiceps","nigricollis"
"Eastern Bluebird","EABL","eastern_forests",7660,"Eastern Bluebird",TRUE,TRUE,TRUE,"Eastern Bluebird","Passeriformes","Turdidae","Sialia","sialis"
"Eastern Kingbird","EAKI","grasslands",4440,"Eastern Kingbird",TRUE,TRUE,TRUE,"Eastern Kingbird","Passeriformes","Tyrannidae","Tyrannus","tyrannus"
"Eastern Meadowlark","EAME","grasslands",5010,"Eastern Meadowlark",TRUE,TRUE,TRUE,"Eastern Meadowlark","Passeriformes","Icteridae","Sturnella","magna"
"Eastern Phoebe","EAPH","eastern_forests",4560,"Eastern Phoebe",TRUE,TRUE,TRUE,"Eastern Phoebe","Passeriformes","Tyrannidae","Sayornis","phoebe"
"Eastern Screech-Owl","EASO","eastern_forests",3730,"Eastern Screech-Owl",TRUE,TRUE,TRUE,"Eastern Screech-Owl","Strigiformes","Strigidae","Megascops","asio"
"Eastern Towhee","EATO","eastern_forests",5870,"Eastern Towhee",TRUE,TRUE,TRUE,"Eastern Towhee","Passeriformes","Passerellidae","Pipilo","erythrophthalmus"
"Eastern Whip-poor-will","EWPW","eastern_forests",4170,"Eastern Whip-poor-will",FALSE,TRUE,TRUE,"Eastern Whip-poor-will","Caprimulgiformes","Caprimulgidae","Antrostomus","vociferus"
"Eastern Wood-Pewee","EAWP","eastern_forests",4610,"Eastern Wood-Pewee",TRUE,TRUE,TRUE,"Eastern Wood-Pewee","Passeriformes","Tyrannidae","Contopus","virens"
"Emperor Goose","EMGO","waterbirds",1760,"Emperor Goose",TRUE,TRUE,TRUE,"Emperor Goose","Anseriformes","Anatidae","Anser","canagicus"
"Eurasian Collared-Dove","EUCD","urban_suburban",NA,NA,FALSE,TRUE,TRUE,"Eurasian Collared-Dove","Columbiformes","Columbidae","Streptopelia","decaocto"
"Eurasian Tree Sparrow","ETSP","urban_suburban",6883,"Eurasian Tree Sparrow",TRUE,TRUE,TRUE,"Eurasian Tree Sparrow","Passeriformes","Passeridae","Passer","montanus"
"Eurasian Wigeon","EUWI","marshlands",1360,"Eurasian Wigeon",TRUE,TRUE,TRUE,"Eurasian Wigeon","Anseriformes","Anatidae","Mareca","penelope"
"European Starling","EUST","generalists",4930,"European Starling",TRUE,TRUE,TRUE,"European Starling","Passeriformes","Sturnidae","Sturnus","vulgaris"
"Evening Grosbeak","EVGR","boreal_forests",5140,"Evening Grosbeak",TRUE,TRUE,TRUE,"Evening Grosbeak","Passeriformes","Fringillidae","Coccothraustes","vespertinus"
"Ferruginous Hawk","FEHA","grasslands",3480,"Ferruginous Hawk",TRUE,TRUE,TRUE,"Ferruginous Hawk","Accipitriformes","Accipitridae","Buteo","regalis"
"Ferruginous Pygmy-Owl","FEPO","aridlands",3800,"Ferruginous Pygmy-Owl",TRUE,TRUE,TRUE,"Ferruginous Pygmy-Owl","Strigiformes","Strigidae","Glaucidium","brasilianum"
"Field Sparrow","FISP","eastern_forests",5630,"Field Sparrow",TRUE,TRUE,TRUE,"Field Sparrow","Passeriformes","Passerellidae","Spizella","pusilla"
"Fish Crow","FICR","generalists",4900,"Fish Crow",TRUE,TRUE,TRUE,"Fish Crow","Passeriformes","Corvidae","Corvus","ossifragus"
"Florida Scrub-Jay","FLSJ","subtropical_forests",4790,"Florida Scrub-Jay",TRUE,TRUE,TRUE,"Florida Scrub-Jay","Passeriformes","Corvidae","Aphelocoma","coerulescens"
"Forster's Tern","FOTE","marshlands",690,"Forster's Tern",TRUE,TRUE,TRUE,"Forster's Tern","Charadriiformes","Laridae","Sterna","forsteri"
"Fox Sparrow","FOSP","boreal_forests",5850,"Fox Sparrow",TRUE,TRUE,TRUE,"Fox Sparrow","Passeriformes","Passerellidae","Passerella","iliaca"
"Franklin's Gull","FRGU","marshlands",590,"Franklin's Gull",TRUE,TRUE,TRUE,"Franklin's Gull","Charadriiformes","Laridae","Leucophaeus","pipixcan"
"Fulvous Whistling-Duck","FUWD","marshlands",1780,"Fulvous Whistling-Duck",TRUE,TRUE,TRUE,"Fulvous Whistling-Duck","Anseriformes","Anatidae","Dendrocygna","bicolor"
"Gadwall","GADW","marshlands",1350,"Gadwall",TRUE,TRUE,TRUE,"Gadwall","Anseriformes","Anatidae","Mareca","strepera"
"Gambel's Quail","GAQU","aridlands",NA,NA,FALSE,TRUE,TRUE,"Gambel's Quail","Galliformes","Odontophoridae","Callipepla","gambelii"
"Gila Woodpecker","GIWO","aridlands",4110,"Gila Woodpecker",TRUE,TRUE,TRUE,"Gila Woodpecker","Piciformes","Picidae","Melanerpes","uropygialis"
"Gilded Flicker","GIFL","aridlands",4140,"Gilded Flicker",TRUE,TRUE,TRUE,"Gilded Flicker","Piciformes","Picidae","Colaptes","chrysoides"
"Glaucous Gull","GLGU","waterbirds",420,"Glaucous Gull",TRUE,TRUE,TRUE,"Glaucous Gull","Charadriiformes","Laridae","Larus","hyperboreus"
"Glaucous-winged Gull","GWGU","coastal",440,"Glaucous-winged Gull",TRUE,TRUE,TRUE,"Glaucous-winged Gull","Charadriiformes","Laridae","Larus","glaucescens"
"Glossy Ibis","GLIB","marshlands",1860,"Glossy Ibis",TRUE,TRUE,TRUE,"Glossy Ibis","Pelecaniformes","Threskiornithidae","Plegadis","falcinellus"
"Golden Eagle","GOEA","generalists",3490,"Golden Eagle",TRUE,TRUE,TRUE,"Golden Eagle","Accipitriformes","Accipitridae","Aquila","chrysaetos"
"Golden-cheeked Warbler","GCWA","subtropical_forests",6660,"Golden-cheeked Warbler",TRUE,TRUE,TRUE,"Golden-cheeked Warbler","Passeriformes","Parulidae","Setophaga","chrysoparia"
"Golden-crowned Kinglet","GCKI","boreal_forests",7480,"Golden-crowned Kinglet",TRUE,TRUE,TRUE,"Golden-crowned Kinglet","Passeriformes","Regulidae","Regulus","satrapa"
"Golden-crowned Sparrow","GCSP","boreal_forests",5570,"Golden-crowned Sparrow",TRUE,TRUE,TRUE,"Golden-crowned Sparrow","Passeriformes","Passerellidae","Zonotrichia","atricapilla"
"Golden-fronted Woodpecker","GFWO","subtropical_forests",4100,"Golden-fronted Woodpecker",TRUE,TRUE,TRUE,"Golden-fronted Woodpecker","Piciformes","Picidae","Melanerpes","aurifrons"
"Golden-winged Warbler","GWWA","eastern_forests",6420,"Golden-winged Warbler",TRUE,TRUE,TRUE,"Golden-winged Warbler","Passeriformes","Parulidae","Vermivora","chrysoptera"
"Grace's Warbler","GRWA","western_forests",6640,"Grace's Warbler",TRUE,TRUE,TRUE,"Grace's Warbler","Passeriformes","Parulidae","Setophaga","graciae"
"Grasshopper Sparrow","GRSP","grasslands",5460,"Grasshopper Sparrow",TRUE,TRUE,TRUE,"Grasshopper Sparrow","Passeriformes","Passerellidae","Ammodramus","savannarum"
"Gray Catbird","GRCA","eastern_forests",7040,"Gray Catbird",TRUE,TRUE,TRUE,"Gray Catbird","Passeriformes","Mimidae","Dumetella","carolinensis"
"Gray Flycatcher","GRFL","aridlands",4691,"Gray Flycatcher",TRUE,TRUE,TRUE,"Gray Flycatcher","Passeriformes","Tyrannidae","Empidonax","wrightii"
"Gray Hawk","GRHA","western_forests",3460,"Gray Hawk",TRUE,TRUE,TRUE,"Gray Hawk","Accipitriformes","Accipitridae","Buteo","plagiatus"
"Gray Kingbird","GRAK","subtropical_forests",4450,"Gray Kingbird",TRUE,TRUE,TRUE,"Gray Kingbird","Passeriformes","Tyrannidae","Tyrannus","dominicensis"
"Gray Partridge","GRAP","grasslands",NA,NA,FALSE,TRUE,TRUE,"Gray Partridge","Galliformes","Phasianidae","Perdix","perdix"
"Gray Vireo","GRVI","aridlands",6340,"Gray Vireo",TRUE,TRUE,TRUE,"Gray Vireo","Passeriformes","Vireonidae","Vireo","vicinior"
"Gray-cheeked Thrush","GCTH","boreal_forests",7570,"Gray-cheeked Thrush",TRUE,TRUE,TRUE,"Gray-cheeked Thrush","Passeriformes","Turdidae","Catharus","minimus"
"Gray-crowned Rosy-Finch","GCRF","arctic",5240,"Gray-crowned Rosy-Finch",TRUE,TRUE,TRUE,"Gray-crowned Rosy-Finch","Passeriformes","Fringillidae","Leucosticte","tephrocotis"
"Great Black-backed Gull","GBBG","coastal",470,"Great Black-backed Gull",TRUE,TRUE,TRUE,"Great Black-backed Gull","Charadriiformes","Laridae","Larus","marinus"
"Great Blue Heron","GBHE","waterbirds",1940,"Great Blue Heron",TRUE,TRUE,TRUE,"Great Blue Heron","Pelecaniformes","Ardeidae","Ardea","herodias"
"Great Cormorant","GRCO","coastal",1190,"Great Cormorant",TRUE,TRUE,TRUE,"Great Cormorant","Suliformes","Phalacrocoracidae","Phalacrocorax","carbo"
"Great Crested Flycatcher","GCFL","eastern_forests",4520,"Great Crested Flycatcher",TRUE,TRUE,TRUE,"Great Crested Flycatcher","Passeriformes","Tyrannidae","Myiarchus","crinitus"
"Great Egret","GREG","waterbirds",1960,"Great Egret",TRUE,TRUE,TRUE,"Great Egret","Pelecaniformes","Ardeidae","Ardea","alba"
"Great Gray Owl","GGOW","boreal_forests",3700,"Great Gray Owl",TRUE,TRUE,TRUE,"Great Gray Owl","Strigiformes","Strigidae","Strix","nebulosa"
"Great Horned Owl","GHOW","generalists",3750,"Great Horned Owl",TRUE,TRUE,TRUE,"Great Horned Owl","Strigiformes","Strigidae","Bubo","virginianus"
"Great Kiskadee","GKIS","subtropical_forests",4490,"Great Kiskadee",TRUE,TRUE,TRUE,"Great Kiskadee","Passeriformes","Tyrannidae","Pitangus","sulphuratus"
"Greater Prairie-Chicken","GRPC","grasslands",NA,NA,FALSE,TRUE,TRUE,"Greater Prairie-Chicken","Galliformes","Phasianidae","Tympanuchus","cupido"
"Greater Roadrunner","GRRO","aridlands",3850,"Greater Roadrunner",TRUE,TRUE,TRUE,"Greater Roadrunner","Cuculiformes","Cuculidae","Geococcyx","californianus"
"Greater Sage-Grouse","GRSG","aridlands",NA,NA,FALSE,TRUE,TRUE,"Greater Sage-Grouse","Galliformes","Phasianidae","Centrocercus","urophasianus"
"Greater Scaup","GRSC","waterbirds",1480,"Greater Scaup",TRUE,TRUE,TRUE,"Greater Scaup","Anseriformes","Anatidae","Aythya","marila"
"Greater White-fronted Goose","GWFG","waterbirds",1710,"Greater White-fronted Goose",TRUE,TRUE,TRUE,"Greater White-fronted Goose","Anseriformes","Anatidae","Anser","albifrons"
"Greater Yellowlegs","GRYE","waterbirds",2540,"Greater Yellowlegs",TRUE,TRUE,TRUE,"Greater Yellowlegs","Charadriiformes","Scolopacidae","Tringa","melanoleuca"
"Great-tailed Grackle","GTGR","generalists",5120,"Great-tailed Grackle",TRUE,TRUE,TRUE,"Great-tailed Grackle","Passeriformes","Icteridae","Quiscalus","mexicanus"
"Green Heron","GRHE","marshlands",2010,"Green Heron",TRUE,TRUE,TRUE,"Green Heron","Pelecaniformes","Ardeidae","Butorides","virescens"
"Green Jay","GRJA","subtropical_forests",NA,NA,FALSE,TRUE,TRUE,"Green Jay","Passeriformes","Corvidae","Cyanocorax","yncas"
"Green Kingfisher","GKIN","waterbirds",3910,"Green Kingfisher",TRUE,TRUE,TRUE,"Green Kingfisher","Coraciiformes","Alcedinidae","Chloroceryle","americana"
"Green-tailed Towhee","GTTO","aridlands",5900,"Green-tailed Towhee",TRUE,TRUE,TRUE,"Green-tailed Towhee","Passeriformes","Passerellidae","Pipilo","chlorurus"
"Green-winged Teal","GWTE","marshlands",NA,NA,FALSE,TRUE,TRUE,"Green-winged Teal","Anseriformes","Anatidae","Anas","crecca"
"Groove-billed Ani","GBAN","subtropical_forests",3840,"Groove-billed Ani",TRUE,TRUE,TRUE,"Groove-billed Ani","Cuculiformes","Cuculidae","Crotophaga","sulcirostris"
"Gull-billed Tern","GBTE","coastal",630,"Gull-billed Tern",TRUE,TRUE,TRUE,"Gull-billed Tern","Charadriiformes","Laridae","Gelochelidon","nilotica"
"Gyrfalcon","GYRF","arctic",3540,"Gyrfalcon",TRUE,TRUE,TRUE,"Gyrfalcon","Falconiformes","Falconidae","Falco","rusticolus"
"Hairy Woodpecker","HAWO","generalists",3930,"Hairy Woodpecker",TRUE,TRUE,TRUE,"Hairy Woodpecker","Piciformes","Picidae","Dryobates","villosus"
"Hammond's Flycatcher","HAFL","western_forests",4680,"Hammond's Flycatcher",TRUE,TRUE,TRUE,"Hammond's Flycatcher","Passeriformes","Tyrannidae","Empidonax","hammondii"
"Harlequin Duck","HADU","waterbirds",NA,NA,FALSE,TRUE,TRUE,"Harlequin Duck","Anseriformes","Anatidae","Histrionicus","histrionicus"
"Harris's Hawk","HASH","aridlands",NA,NA,FALSE,TRUE,TRUE,"Harris's Hawk","Accipitriformes","Accipitridae","Parabuteo","unicinctus"
"Harris's Sparrow","HASP","boreal_forests",5530,"Harris's Sparrow",TRUE,TRUE,TRUE,"Harris's Sparrow","Passeriformes","Passerellidae","Zonotrichia","querula"
"Heermann's Gull","HEEG","coastal",570,"Heermann's Gull",TRUE,TRUE,TRUE,"Heermann's Gull","Charadriiformes","Laridae","Larus","heermanni"
"Henslow's Sparrow","HESP","grasslands",5470,"Henslow's Sparrow",TRUE,TRUE,TRUE,"Henslow's Sparrow","Passeriformes","Passerellidae","Centronyx","henslowii"
"Hepatic Tanager","HETA","western_forests",6090,"Hepatic Tanager",TRUE,TRUE,TRUE,"Hepatic Tanager","Passeriformes","Cardinalidae","Piranga","flava"
"Hermit Thrush","HETH","western_forests",7590,"Hermit Thrush",TRUE,TRUE,TRUE,"Hermit Thrush","Passeriformes","Turdidae","Catharus","guttatus"
"Hermit Warbler","HEWA","western_forests",6690,"Hermit Warbler",TRUE,TRUE,TRUE,"Hermit Warbler","Passeriformes","Parulidae","Setophaga","occidentalis"
"Herring Gull","HERG","waterbirds",510,"Herring Gull",TRUE,TRUE,TRUE,"Herring Gull","Charadriiformes","Laridae","Larus","argentatus"
"Hoary Redpoll","HORE","arctic",5270,"Hoary Redpoll",TRUE,FALSE,TRUE,"(Hoary Redpoll) Redpoll","Passeriformes","Fringillidae","Acanthis","flammea hornemanni"
"Hooded Merganser","HOME","waterbirds",1310,"Hooded Merganser",TRUE,TRUE,TRUE,"Hooded Merganser","Anseriformes","Anatidae","Lophodytes","cucullatus"
"Hooded Oriole","HOOR","western_forests",5050,"Hooded Oriole",TRUE,TRUE,TRUE,"Hooded Oriole","Passeriformes","Icteridae","Icterus","cucullatus"
"Hooded Warbler","HOWA","eastern_forests",6840,"Hooded Warbler",TRUE,TRUE,TRUE,"Hooded Warbler","Passeriformes","Parulidae","Setophaga","citrina"
"Hook-billed Kite","HBKI","subtropical_forests",3271,"Hook-billed Kite",TRUE,TRUE,TRUE,"Hook-billed Kite","Accipitriformes","Accipitridae","Chondrohierax","uncinatus"
"Horned Grebe","HOGR","marshlands",30,"Horned Grebe",TRUE,TRUE,TRUE,"Horned Grebe","Podicipediformes","Podicipedidae","Podiceps","auritus"
"Horned Lark","HOLA","grasslands",4740,"Horned Lark",TRUE,TRUE,TRUE,"Horned Lark","Passeriformes","Alaudidae","Eremophila","alpestris"
"House Finch","HOFI","generalists",5190,"House Finch",TRUE,TRUE,TRUE,"House Finch","Passeriformes","Fringillidae","Haemorhous","mexicanus"
"House Sparrow","HOSP","urban_suburban",6882,"House Sparrow",TRUE,TRUE,TRUE,"House Sparrow","Passeriformes","Passeridae","Passer","domesticus"
"House Wren","HOWR","generalists",7210,"House Wren",TRUE,FALSE,TRUE,"Northern House Wren","Passeriformes","Troglodytidae","Troglodytes","aedon"
"Hudsonian Godwit","HUGO","waterbirds",2510,"Hudsonian Godwit",TRUE,TRUE,TRUE,"Hudsonian Godwit","Charadriiformes","Scolopacidae","Limosa","haemastica"
"Hutton's Vireo","HUVI","western_forests",6320,"Hutton's Vireo",TRUE,TRUE,TRUE,"Hutton's Vireo","Passeriformes","Vireonidae","Vireo","huttoni"
"Iceland Gull","ICGU","coastal",430,"Iceland Gull",TRUE,TRUE,TRUE,"Iceland Gull","Charadriiformes","Laridae","Larus","glaucoides"
"Inca Dove","INDO","aridlands",3210,"Inca Dove",TRUE,TRUE,TRUE,"Inca Dove","Columbiformes","Columbidae","Columbina","inca"
"Indigo Bunting","INBU","eastern_forests",5980,"Indigo Bunting",TRUE,TRUE,TRUE,"Indigo Bunting","Passeriformes","Cardinalidae","Passerina","cyanea"
"Juniper Titmouse","JUTI","western_forests",7331,"Juniper Titmouse",TRUE,TRUE,TRUE,"Juniper Titmouse","Passeriformes","Paridae","Baeolophus","ridgwayi"
"Kentucky Warbler","KEWA","eastern_forests",6770,"Kentucky Warbler",TRUE,TRUE,TRUE,"Kentucky Warbler","Passeriformes","Parulidae","Geothlypis","formosa"
"Killdeer","KILL","waterbirds",2730,"Killdeer",TRUE,TRUE,TRUE,"Killdeer","Charadriiformes","Charadriidae","Charadrius","vociferus"
"King Eider","KIEI","waterbirds",1620,"King Eider",TRUE,TRUE,TRUE,"King Eider","Anseriformes","Anatidae","Somateria","spectabilis"
"King Rail","KIRA","marshlands",2080,"King Rail",TRUE,TRUE,TRUE,"King Rail","Gruiformes","Rallidae","Rallus","elegans"
"Kittlitz's Murrelet","KIMU","coastal",240,"Kittlitz's Murrelet",TRUE,TRUE,TRUE,"Kittlitz's Murrelet","Charadriiformes","Alcidae","Brachyramphus","brevirostris"
"Ladder-backed Woodpecker","LBWO","aridlands",3960,"Ladder-backed Woodpecker",TRUE,TRUE,TRUE,"Ladder-backed Woodpecker","Piciformes","Picidae","Dryobates","scalaris"
"Lapland Longspur","LALO","arctic",5360,"Lapland Longspur",TRUE,TRUE,TRUE,"Lapland Longspur","Passeriformes","Calcariidae","Calcarius","lapponicus"
"Lark Bunting","LARB","grasslands",6050,"Lark Bunting",TRUE,TRUE,TRUE,"Lark Bunting","Passeriformes","Passerellidae","Calamospiza","melanocorys"
"Lark Sparrow","LASP","aridlands",5520,"Lark Sparrow",TRUE,TRUE,TRUE,"Lark Sparrow","Passeriformes","Passerellidae","Chondestes","grammacus"
"Laughing Gull","LAGU","coastal",580,"Laughing Gull",TRUE,TRUE,TRUE,"Laughing Gull","Charadriiformes","Laridae","Leucophaeus","atricilla"
"Lawrence's Goldfinch","LAGO","aridlands",5310,"Lawrence's Goldfinch",TRUE,TRUE,TRUE,"Lawrence's Goldfinch","Passeriformes","Fringillidae","Spinus","lawrencei"
"Lazuli Bunting","LAZB","western_forests",5990,"Lazuli Bunting",TRUE,TRUE,TRUE,"Lazuli Bunting","Passeriformes","Cardinalidae","Passerina","amoena"
"Le Conte's Sparrow","LCSP","grasslands",5480,"Le Conte's Sparrow",TRUE,FALSE,TRUE,"LeConte's Sparrow","Passeriformes","Passerellidae","Ammospiza","leconteii"
"Le Conte's Thrasher","LCTH","aridlands",7110,"Le Conte's Thrasher",TRUE,FALSE,TRUE,"LeConte's Thrasher","Passeriformes","Mimidae","Toxostoma","lecontei"
"Least Bittern","LEBI","marshlands",1910,"Least Bittern",TRUE,TRUE,TRUE,"Least Bittern","Pelecaniformes","Ardeidae","Botaurus","exilis"
"Least Flycatcher","LEFL","boreal_forests",4670,"Least Flycatcher",TRUE,TRUE,TRUE,"Least Flycatcher","Passeriformes","Tyrannidae","Empidonax","minimus"
"Least Grebe","LEGR","marshlands",50,"Least Grebe",TRUE,TRUE,TRUE,"Least Grebe","Podicipediformes","Podicipedidae","Tachybaptus","dominicus"
"Least Sandpiper","LESA","waterbirds",2420,"Least Sandpiper",TRUE,TRUE,TRUE,"Least Sandpiper","Charadriiformes","Scolopacidae","Calidris","minutilla"
"Least Tern","LETE","waterbirds",740,"Least Tern",TRUE,TRUE,TRUE,"Least Tern","Charadriiformes","Laridae","Sternula","antillarum"
"Lesser Black-backed Gull","LBBG","coastal",500,"Lesser Black-backed Gull",TRUE,TRUE,TRUE,"Lesser Black-backed Gull","Charadriiformes","Laridae","Larus","fuscus"
"Lesser Goldfinch","LEGO","western_forests",5300,"Lesser Goldfinch",TRUE,TRUE,TRUE,"Lesser Goldfinch","Passeriformes","Fringillidae","Spinus","psaltria"
"Lesser Nighthawk","LENI","aridlands",4210,"Lesser Nighthawk",TRUE,TRUE,TRUE,"Lesser Nighthawk","Caprimulgiformes","Caprimulgidae","Chordeiles","acutipennis"
"Lesser Prairie-Chicken","LEPC","grasslands",NA,NA,FALSE,TRUE,TRUE,"Lesser Prairie-Chicken","Galliformes","Phasianidae","Tympanuchus","pallidicinctus"
"Lesser Scaup","LESC","waterbirds",1490,"Lesser Scaup",TRUE,TRUE,TRUE,"Lesser Scaup","Anseriformes","Anatidae","Aythya","affinis"
"Lesser Yellowlegs","LEYE","waterbirds",2550,"Lesser Yellowlegs",TRUE,TRUE,TRUE,"Lesser Yellowlegs","Charadriiformes","Scolopacidae","Tringa","flavipes"
"Lewis's Woodpecker","LEWO","western_forests",4080,"Lewis's Woodpecker",TRUE,TRUE,TRUE,"Lewis's Woodpecker","Piciformes","Picidae","Melanerpes","lewis"
"Limpkin","LIMP","marshlands",2070,"Limpkin",TRUE,TRUE,TRUE,"Limpkin","Gruiformes","Aramidae","Aramus","guarauna"
"Lincoln's Sparrow","LISP","boreal_forests",5830,"Lincoln's Sparrow",TRUE,TRUE,TRUE,"Lincoln's Sparrow","Passeriformes","Passerellidae","Melospiza","lincolnii"
"Little Blue Heron","LBHE","marshlands",2000,"Little Blue Heron",TRUE,TRUE,TRUE,"Little Blue Heron","Pelecaniformes","Ardeidae","Egretta","caerulea"
"Little Gull","LIGU","waterbirds",601,"Little Gull",TRUE,TRUE,TRUE,"Little Gull","Charadriiformes","Laridae","Hydrocoloeus","minutus"
"Loggerhead Shrike","LOSH","grasslands",6220,"Loggerhead Shrike",TRUE,TRUE,TRUE,"Loggerhead Shrike","Passeriformes","Laniidae","Lanius","ludovicianus"
"Long-billed Curlew","LBCU","grasslands",2640,"Long-billed Curlew",TRUE,TRUE,TRUE,"Long-billed Curlew","Charadriiformes","Scolopacidae","Numenius","americanus"
"Long-billed Dowitcher","LBDO","waterbirds",2320,"Long-billed Dowitcher",TRUE,TRUE,TRUE,"Long-billed Dowitcher","Charadriiformes","Scolopacidae","Limnodromus","scolopaceus"
"Long-billed Thrasher","LBTH","subtropical_forests",7060,"Long-billed Thrasher",TRUE,TRUE,TRUE,"Long-billed Thrasher","Passeriformes","Mimidae","Toxostoma","longirostre"
"Long-eared Owl","LEOW","western_forests",3660,"Long-eared Owl",TRUE,TRUE,TRUE,"Long-eared Owl","Strigiformes","Strigidae","Asio","otus"
"Long-tailed Duck","LTDU","waterbirds",1540,"Long-tailed Duck",TRUE,TRUE,TRUE,"Long-tailed Duck","Anseriformes","Anatidae","Clangula","hyemalis"
"Long-tailed Jaeger","LTJA","waterbirds",380,"Long-tailed Jaeger",TRUE,TRUE,TRUE,"Long-tailed Jaeger","Charadriiformes","Stercorariidae","Stercorarius","longicaudus"
"Louisiana Waterthrush","LOWA","eastern_forests",6760,"Louisiana Waterthrush",TRUE,TRUE,TRUE,"Louisiana Waterthrush","Passeriformes","Parulidae","Parkesia","motacilla"
"Lucy's Warbler","LUWA","aridlands",6430,"Lucy's Warbler",TRUE,TRUE,TRUE,"Lucy's Warbler","Passeriformes","Parulidae","Leiothlypis","luciae"
"MacGillivray's Warbler","MGWA","western_forests",6800,"MacGillivray's Warbler",TRUE,TRUE,TRUE,"MacGillivray's Warbler","Passeriformes","Parulidae","Geothlypis","tolmiei"
"Magnificent Frigatebird","MAFR","coastal",1280,"Magnificent Frigatebird",TRUE,TRUE,TRUE,"Magnificent Frigatebird","Suliformes","Fregatidae","Fregata","magnificens"
"Magnolia Warbler","MAWA","boreal_forests",6570,"Magnolia Warbler",TRUE,TRUE,TRUE,"Magnolia Warbler","Passeriformes","Parulidae","Setophaga","magnolia"
"Mallard","MALL","waterbirds",1320,"Mallard",TRUE,TRUE,TRUE,"Mallard","Anseriformes","Anatidae","Anas","platyrhynchos"
"Mangrove Cuckoo","MACU","coastal",3860,"Mangrove Cuckoo",TRUE,TRUE,TRUE,"Mangrove Cuckoo","Cuculiformes","Cuculidae","Coccyzus","minor"
"Marbled Godwit","MAGO","marshlands",2490,"Marbled Godwit",TRUE,TRUE,TRUE,"Marbled Godwit","Charadriiformes","Scolopacidae","Limosa","fedoa"
"Marbled Murrelet","MAMU","coastal",230,"Marbled Murrelet",TRUE,TRUE,TRUE,"Marbled Murrelet","Charadriiformes","Alcidae","Brachyramphus","marmoratus"
"Marsh Wren","MAWR","marshlands",7250,"Marsh Wren",TRUE,TRUE,TRUE,"Marsh Wren","Passeriformes","Troglodytidae","Cistothorus","palustris"
"McCown's Longspur","MCLO","grasslands",5390,"McCown's Longspur",TRUE,FALSE,TRUE,"Thick-billed Longspur","Passeriformes","Calcariidae","Rhynchophanes","mccownii"
"Merlin","MERL","eastern_forests",3570,"Merlin",TRUE,TRUE,TRUE,"Merlin","Falconiformes","Falconidae","Falco","columbarius"
"Mew Gull","MEGU","waterbirds",550,"Mew Gull",TRUE,FALSE,TRUE,"Short-billed Gull","Charadriiformes","Laridae","Larus","brachyrhynchus"
"Mexican Jay","MEJA","subtropical_forests",4820,"Mexican Jay",TRUE,TRUE,TRUE,"Mexican Jay","Passeriformes","Corvidae","Aphelocoma","wollweberi"
"Mississippi Kite","MIKI","eastern_forests",3290,"Mississippi Kite",TRUE,TRUE,TRUE,"Mississippi Kite","Accipitriformes","Accipitridae","Ictinia","mississippiensis"
"Monk Parakeet","MOPA","urban_suburban",3824,"Monk Parakeet",TRUE,TRUE,TRUE,"Monk Parakeet","Psittaciformes","Psittacidae","Myiopsitta","monachus"
"Montezuma Quail","MONQ","subtropical_forests",NA,NA,FALSE,TRUE,TRUE,"Montezuma Quail","Galliformes","Odontophoridae","Cyrtonyx","montezumae"
"Mottled Duck","MODU","marshlands",1340,"Mottled Duck",TRUE,TRUE,TRUE,"Mottled Duck","Anseriformes","Anatidae","Anas","fulvigula"
"Mountain Bluebird","MOBL","western_forests",7680,"Mountain Bluebird",TRUE,TRUE,TRUE,"Mountain Bluebird","Passeriformes","Turdidae","Sialia","currucoides"
"Mountain Chickadee","MOCH","western_forests",7380,"Mountain Chickadee",TRUE,TRUE,TRUE,"Mountain Chickadee","Passeriformes","Paridae","Poecile","gambeli"
"Mountain Plover","MOPL","grasslands",2810,"Mountain Plover",TRUE,TRUE,TRUE,"Mountain Plover","Charadriiformes","Charadriidae","Anarhynchus","montanus"
"Mountain Quail","MOUQ","western_forests",NA,NA,FALSE,TRUE,TRUE,"Mountain Quail","Galliformes","Odontophoridae","Oreortyx","pictus"
"Mourning Dove","MODO","generalists",3160,"Mourning Dove",TRUE,TRUE,TRUE,"Mourning Dove","Columbiformes","Columbidae","Zenaida","macroura"
"Mourning Warbler","MOWA","boreal_forests",6790,"Mourning Warbler",TRUE,TRUE,TRUE,"Mourning Warbler","Passeriformes","Parulidae","Geothlypis","philadelphia"
"Muscovy Duck","MUDU","waterbirds",1441,"Muscovy Duck",FALSE,TRUE,TRUE,"Muscovy Duck","Anseriformes","Anatidae","Cairina","moschata"
"Mute Swan","MUSW","waterbirds",1782,"Mute Swan",TRUE,TRUE,TRUE,"Mute Swan","Anseriformes","Anatidae","Cygnus","olor"
"Nashville Warbler","NAWA","eastern_forests",6450,"Nashville Warbler",TRUE,TRUE,TRUE,"Nashville Warbler","Passeriformes","Parulidae","Leiothlypis","ruficapilla"
"Nelson's Sparrow","NESP","grasslands",5491,"Nelson's Sparrow",TRUE,TRUE,TRUE,"Nelson's Sparrow","Passeriformes","Passerellidae","Ammospiza","nelsoni"
"Neotropic Cormorant","NECO","coastal",1210,"Neotropic Cormorant",TRUE,TRUE,TRUE,"Neotropic Cormorant","Suliformes","Phalacrocoracidae","Nannopterum","brasilianum"
"Northern Beardless-Tyrannulet","NOBT","aridlands",NA,NA,FALSE,TRUE,TRUE,"Northern Beardless-Tyrannulet","Passeriformes","Tyrannidae","Camptostoma","imberbe"
"Northern Bobwhite","NOBO","grasslands",NA,NA,FALSE,TRUE,TRUE,"Northern Bobwhite","Galliformes","Odontophoridae","Colinus","virginianus"
"Northern Cardinal","NOCA","eastern_forests",5930,"Northern Cardinal",TRUE,TRUE,TRUE,"Northern Cardinal","Passeriformes","Cardinalidae","Cardinalis","cardinalis"
"Northern Flicker","NOFL","generalists",4123,NA,TRUE,FALSE,TRUE,"Northern Flicker (all forms)","Piciformes","Picidae","Colaptes","auratus"
"Northern Fulmar","NOFU","coastal",860,"Northern Fulmar",TRUE,TRUE,TRUE,"Northern Fulmar","Procellariiformes","Procellariidae","Fulmarus","glacialis"
"Northern Gannet","NOGA","coastal",1170,"Northern Gannet",TRUE,TRUE,TRUE,"Northern Gannet","Suliformes","Sulidae","Morus","bassanus"
"Northern Goshawk","NOGO","boreal_forests",3340,"Northern Goshawk",TRUE,FALSE,TRUE,"American Goshawk","Accipitriformes","Accipitridae","Accipiter","atricapillus"
"Northern Harrier","NOHA","marshlands",3310,"Northern Harrier",TRUE,TRUE,TRUE,"Northern Harrier","Accipitriformes","Accipitridae","Circus","hudsonius"
"Northern Hawk Owl","NHOW","boreal_forests",3770,"Northern Hawk Owl",TRUE,TRUE,TRUE,"Northern Hawk Owl","Strigiformes","Strigidae","Surnia","ulula"
"Northern Mockingbird","NOMO","generalists",7030,"Northern Mockingbird",TRUE,TRUE,TRUE,"Northern Mockingbird","Passeriformes","Mimidae","Mimus","polyglottos"
"Northern Parula","NOPA","eastern_forests",6480,"Northern Parula",TRUE,TRUE,TRUE,"Northern Parula","Passeriformes","Parulidae","Setophaga","americana"
"Northern Pintail","NOPI","marshlands",1430,"Northern Pintail",TRUE,TRUE,TRUE,"Northern Pintail","Anseriformes","Anatidae","Anas","acuta"
"Northern Pygmy-Owl","NOPO","western_forests",3790,"Northern Pygmy-Owl",TRUE,TRUE,TRUE,"Northern Pygmy-Owl","Strigiformes","Strigidae","Glaucidium","gnoma"
"Northern Rough-winged Swallow","NRWS","generalists",6170,"Northern Rough-winged Swallow",TRUE,TRUE,TRUE,"Northern Rough-winged Swallow","Passeriformes","Hirundinidae","Stelgidopteryx","serripennis"
"Northern Saw-whet Owl","NSWO","boreal_forests",3720,"Northern Saw-whet Owl",TRUE,TRUE,TRUE,"Northern Saw-whet Owl","Strigiformes","Strigidae","Aegolius","acadicus"
"Northern Shoveler","NSHO","marshlands",1420,"Northern Shoveler",TRUE,TRUE,TRUE,"Northern Shoveler","Anseriformes","Anatidae","Spatula","clypeata"
"Northern Shrike","NSHR","boreal_forests",6210,"Northern Shrike",TRUE,TRUE,TRUE,"Northern Shrike","Passeriformes","Laniidae","Lanius","borealis"
"Northern Waterthrush","NOWA","boreal_forests",6750,"Northern Waterthrush",TRUE,TRUE,TRUE,"Northern Waterthrush","Passeriformes","Parulidae","Parkesia","noveboracensis"
"Northwestern Crow","NOCR","generalists",4880,"Northwestern Crow",TRUE,FALSE,TRUE,"American Crow","Passeriformes","Corvidae","Corvus","brachyrhynchos"
"Nuttall's Woodpecker","NUWO","western_forests",3970,"Nuttall's Woodpecker",TRUE,TRUE,TRUE,"Nuttall's Woodpecker","Piciformes","Picidae","Dryobates","nuttallii"
"Oak Titmouse","OATI","western_forests",7330,"Oak Titmouse",TRUE,TRUE,TRUE,"Oak Titmouse","Passeriformes","Paridae","Baeolophus","inornatus"
"Olive Sparrow","OLSP","subtropical_forests",5860,"Olive Sparrow",TRUE,TRUE,TRUE,"Olive Sparrow","Passeriformes","Passerellidae","Arremonops","rufivirgatus"
"Olive Warbler","OLWA","subtropical_forests",6510,"Olive Warbler",TRUE,TRUE,TRUE,"Olive Warbler","Passeriformes","Peucedramidae","Peucedramus","taeniatus"
"Olive-sided Flycatcher","OSFL","boreal_forests",4590,"Olive-sided Flycatcher",TRUE,TRUE,TRUE,"Olive-sided Flycatcher","Passeriformes","Tyrannidae","Contopus","cooperi"
"Orange-crowned Warbler","OCWA","western_forests",6460,"Orange-crowned Warbler",TRUE,TRUE,TRUE,"Orange-crowned Warbler","Passeriformes","Parulidae","Leiothlypis","celata"
"Orchard Oriole","OROR","eastern_forests",5060,"Orchard Oriole",TRUE,TRUE,TRUE,"Orchard Oriole","Passeriformes","Icteridae","Icterus","spurius"
"Osprey","OSPR","waterbirds",3640,"Osprey",TRUE,TRUE,TRUE,"Osprey","Accipitriformes","Pandionidae","Pandion","haliaetus"
"Ovenbird","OVEN","eastern_forests",6740,"Ovenbird",TRUE,TRUE,TRUE,"Ovenbird","Passeriformes","Parulidae","Seiurus","aurocapilla"
"Pacific Golden-Plover","PAGP","waterbirds",2721,"Pacific Golden-Plover",TRUE,TRUE,TRUE,"Pacific Golden-Plover","Charadriiformes","Charadriidae","Pluvialis","fulva"
"Pacific Loon","PALO","waterbirds",100,"Pacific Loon",TRUE,TRUE,TRUE,"Pacific Loon","Gaviiformes","Gaviidae","Gavia","pacifica"
"Pacific Wren","PAWR","western_forests",7221,"Pacific Wren",TRUE,TRUE,TRUE,"Pacific Wren","Passeriformes","Troglodytidae","Troglodytes","pacificus"
"Pacific-slope Flycatcher","PSFL","western_forests",4641,"Pacific-slope Flycatcher",TRUE,FALSE,TRUE,"(Pacific-slope Flycatcher) Western Flycatcher","Passeriformes","Tyrannidae","Empidonax","difficilis difficilis"
"Painted Bunting","PABU","aridlands",6010,"Painted Bunting",TRUE,TRUE,TRUE,"Painted Bunting","Passeriformes","Cardinalidae","Passerina","ciris"
"Painted Redstart","PARE","subtropical_forests",6880,"Painted Redstart",TRUE,TRUE,TRUE,"Painted Redstart","Passeriformes","Parulidae","Myioborus","pictus"
"Palm Warbler","PAWA","boreal_forests",NA,NA,FALSE,TRUE,TRUE,"Palm Warbler","Passeriformes","Parulidae","Setophaga","palmarum"
"Parasitic Jaeger","PAJA","coastal",370,"Parasitic Jaeger",TRUE,TRUE,TRUE,"Parasitic Jaeger","Charadriiformes","Stercorariidae","Stercorarius","parasiticus"
"Pectoral Sandpiper","PESA","waterbirds",2390,"Pectoral Sandpiper",TRUE,TRUE,TRUE,"Pectoral Sandpiper","Charadriiformes","Scolopacidae","Calidris","melanotos"
"Pelagic Cormorant","PECO","coastal",1230,"Pelagic Cormorant",TRUE,TRUE,TRUE,"Pelagic Cormorant","Suliformes","Phalacrocoracidae","Urile","pelagicus"
"Peregrine Falcon","PEFA","generalists",3560,"Peregrine Falcon",TRUE,TRUE,TRUE,"Peregrine Falcon","Falconiformes","Falconidae","Falco","peregrinus"
"Phainopepla","PHAI","aridlands",6200,"Phainopepla",TRUE,TRUE,TRUE,"Phainopepla","Passeriformes","Ptiliogonatidae","Phainopepla","nitens"
"Philadelphia Vireo","PHVI","boreal_forests",6260,"Philadelphia Vireo",TRUE,TRUE,TRUE,"Philadelphia Vireo","Passeriformes","Vireonidae","Vireo","philadelphicus"
"Pied-billed Grebe","PBGR","marshlands",60,"Pied-billed Grebe",TRUE,TRUE,TRUE,"Pied-billed Grebe","Podicipediformes","Podicipedidae","Podilymbus","podiceps"
"Pigeon Guillemot","PIGU","coastal",290,"Pigeon Guillemot",TRUE,TRUE,TRUE,"Pigeon Guillemot","Charadriiformes","Alcidae","Cepphus","columba"
"Pileated Woodpecker","PIWO","eastern_forests",4050,"Pileated Woodpecker",TRUE,TRUE,TRUE,"Pileated Woodpecker","Piciformes","Picidae","Dryocopus","pileatus"
"Pine Grosbeak","PIGR","boreal_forests",5150,"Pine Grosbeak",TRUE,TRUE,TRUE,"Pine Grosbeak","Passeriformes","Fringillidae","Pinicola","enucleator"
"Pine Siskin","PISI","western_forests",5330,"Pine Siskin",TRUE,TRUE,TRUE,"Pine Siskin","Passeriformes","Fringillidae","Spinus","pinus"
"Pine Warbler","PIWA","eastern_forests",6710,"Pine Warbler",TRUE,TRUE,TRUE,"Pine Warbler","Passeriformes","Parulidae","Setophaga","pinus"
"Pinyon Jay","PIJA","western_forests",4920,"Pinyon Jay",TRUE,TRUE,TRUE,"Pinyon Jay","Passeriformes","Corvidae","Gymnorhinus","cyanocephalus"
"Piping Plover","PIPL","coastal",2770,"Piping Plover",TRUE,TRUE,TRUE,"Piping Plover","Charadriiformes","Charadriidae","Charadrius","melodus"
"Plain Chachalaca","PLCH","subtropical_forests",NA,NA,FALSE,TRUE,TRUE,"Plain Chachalaca","Galliformes","Cracidae","Ortalis","vetula"
"Plumbeous Vireo","PLVI","western_forests",6291,"Plumbeous Vireo",TRUE,TRUE,TRUE,"Cassin's Vireo","Passeriformes","Vireonidae","Vireo","cassinii"
"Pomarine Jaeger","POJA","waterbirds",360,"Pomarine Jaeger",TRUE,TRUE,TRUE,"Pomarine Jaeger","Charadriiformes","Stercorariidae","Stercorarius","pomarinus"
"Prairie Falcon","PRFA","aridlands",3550,"Prairie Falcon",TRUE,TRUE,TRUE,"Prairie Falcon","Falconiformes","Falconidae","Falco","mexicanus"
"Prairie Warbler","PRAW","eastern_forests",6730,"Prairie Warbler",TRUE,TRUE,TRUE,"Prairie Warbler","Passeriformes","Parulidae","Setophaga","discolor"
"Prothonotary Warbler","PROW","eastern_forests",6370,"Prothonotary Warbler",TRUE,TRUE,TRUE,"Prothonotary Warbler","Passeriformes","Parulidae","Protonotaria","citrea"
"Purple Finch","PUFI","boreal_forests",5170,"Purple Finch",TRUE,TRUE,TRUE,"Purple Finch","Passeriformes","Fringillidae","Haemorhous","purpureus"
"Purple Martin","PUMA","generalists",6110,"Purple Martin",TRUE,TRUE,TRUE,"Purple Martin","Passeriformes","Hirundinidae","Progne","subis"
"Purple Sandpiper","PUSA","waterbirds",2350,"Purple Sandpiper",TRUE,TRUE,TRUE,"Purple Sandpiper","Charadriiformes","Scolopacidae","Calidris","maritima"
"Pygmy Nuthatch","PYNU","western_forests",7300,"Pygmy Nuthatch",TRUE,TRUE,TRUE,"Pygmy Nuthatch","Passeriformes","Sittidae","Sitta","pygmaea"
"Pyrrhuloxia","PYRR","aridlands",5940,"Pyrrhuloxia",TRUE,TRUE,TRUE,"Pyrrhuloxia","Passeriformes","Cardinalidae","Cardinalis","sinuatus"
"Razorbill","RAZO","coastal",320,"Razorbill",TRUE,TRUE,TRUE,"Razorbill","Charadriiformes","Alcidae","Alca","torda"
"Red Crossbill","RECR","boreal_forests",5210,"Red Crossbill",TRUE,TRUE,TRUE,"Red Crossbill","Passeriformes","Fringillidae","Loxia","curvirostra"
"Red Knot","REKN","waterbirds",2340,"Red Knot",TRUE,TRUE,TRUE,"Red Knot","Charadriiformes","Scolopacidae","Calidris","canutus"
"Red Phalarope","REPH","waterbirds",2220,"Red Phalarope",TRUE,TRUE,TRUE,"Red Phalarope","Charadriiformes","Scolopacidae","Phalaropus","fulicarius"
"Red-bellied Woodpecker","RBWO","eastern_forests",4090,"Red-bellied Woodpecker",TRUE,TRUE,TRUE,"Red-bellied Woodpecker","Piciformes","Picidae","Melanerpes","carolinus"
"Red-breasted Merganser","RBME","waterbirds",1300,"Red-breasted Merganser",TRUE,TRUE,TRUE,"Red-breasted Merganser","Anseriformes","Anatidae","Mergus","serrator"
"Red-breasted Nuthatch","RBNU","boreal_forests",7280,"Red-breasted Nuthatch",TRUE,TRUE,TRUE,"Red-breasted Nuthatch","Passeriformes","Sittidae","Sitta","canadensis"
"Red-breasted Sapsucker","RBSA","western_forests",4030,"Red-breasted Sapsucker",TRUE,TRUE,TRUE,"Red-breasted Sapsucker","Piciformes","Picidae","Sphyrapicus","ruber"
"Red-cockaded Woodpecker","RCWO","eastern_forests",3950,"Red-cockaded Woodpecker",TRUE,TRUE,TRUE,"Red-cockaded Woodpecker","Piciformes","Picidae","Dryobates","borealis"
"Red-crowned Parrot","RCPA","subtropical_forests",3826,"Red-crowned Parrot",TRUE,TRUE,TRUE,"Red-crowned Parrot","Psittaciformes","Psittacidae","Amazona","viridigenalis"
"Reddish Egret","REEG","coastal",1980,"Reddish Egret",TRUE,TRUE,TRUE,"Reddish Egret","Pelecaniformes","Ardeidae","Egretta","rufescens"
"Red-eyed Vireo","REVI","eastern_forests",6240,"Red-eyed Vireo",TRUE,TRUE,TRUE,"Red-eyed Vireo","Passeriformes","Vireonidae","Vireo","olivaceus"
"Red-faced Cormorant","RFCO","coastal",1207,"Red-faced Cormorant",TRUE,FALSE,TRUE,"unid. west coast cormorant","Suliformes","Phalacrocoracidae","Urile","sp."
"Red-faced Warbler","RFWA","subtropical_forests",6900,"Red-faced Warbler",TRUE,TRUE,TRUE,"Red-faced Warbler","Passeriformes","Parulidae","Cardellina","rubrifrons"
"Redhead","REDH","marshlands",1460,"Redhead",TRUE,TRUE,TRUE,"Redhead","Anseriformes","Anatidae","Aythya","americana"
"Red-headed Woodpecker","RHWO","eastern_forests",4060,"Red-headed Woodpecker",TRUE,TRUE,TRUE,"Red-headed Woodpecker","Piciformes","Picidae","Melanerpes","erythrocephalus"
"Red-naped Sapsucker","RNSA","western_forests",4021,"Red-naped Sapsucker",TRUE,TRUE,TRUE,"Red-naped Sapsucker","Piciformes","Picidae","Sphyrapicus","nuchalis"
"Red-necked Grebe","RNGR","marshlands",20,"Red-necked Grebe",TRUE,TRUE,TRUE,"Red-necked Grebe","Podicipediformes","Podicipedidae","Podiceps","grisegena"
"Red-necked Phalarope","RNPH","waterbirds",2230,"Red-necked Phalarope",TRUE,TRUE,TRUE,"Red-necked Phalarope","Charadriiformes","Scolopacidae","Phalaropus","lobatus"
"Red-shouldered Hawk","RSHA","eastern_forests",3390,"Red-shouldered Hawk",TRUE,TRUE,TRUE,"Red-shouldered Hawk","Accipitriformes","Accipitridae","Buteo","lineatus"
"Red-tailed Hawk","RTHA","generalists",3370,"Red-tailed Hawk",TRUE,FALSE,TRUE,"Red-tailed Hawk (all forms)","Accipitriformes","Accipitridae","Buteo","jamaicensis"
"Red-throated Loon","RTLO","waterbirds",110,"Red-throated Loon",TRUE,TRUE,TRUE,"Red-throated Loon","Gaviiformes","Gaviidae","Gavia","stellata"
"Red-winged Blackbird","RWBL","generalists",4980,"Red-winged Blackbird",TRUE,TRUE,TRUE,"Red-winged Blackbird","Passeriformes","Icteridae","Agelaius","phoeniceus"
"Rhinoceros Auklet","RHAU","coastal",150,"Rhinoceros Auklet",TRUE,TRUE,TRUE,"Rhinoceros Auklet","Charadriiformes","Alcidae","Cerorhinca","monocerata"
"Ridgway's Rail","RIRA","marshlands",NA,NA,FALSE,TRUE,TRUE,"Ridgway's Rail","Gruiformes","Rallidae","Rallus","obsoletus"
"Ring-billed Gull","RBGU","waterbirds",540,"Ring-billed Gull",TRUE,TRUE,TRUE,"Ring-billed Gull","Charadriiformes","Laridae","Larus","delawarensis"
"Ringed Kingfisher","RIKI","waterbirds",3901,"Ringed Kingfisher",TRUE,TRUE,TRUE,"Ringed Kingfisher","Coraciiformes","Alcedinidae","Megaceryle","torquata"
"Ring-necked Duck","RNDU","waterbirds",1500,"Ring-necked Duck",TRUE,TRUE,TRUE,"Ring-necked Duck","Anseriformes","Anatidae","Aythya","collaris"
"Ring-necked Pheasant","RNEP","grasslands",NA,NA,FALSE,TRUE,TRUE,"Ring-necked Pheasant","Galliformes","Phasianidae","Phasianus","colchicus"
"Rock Pigeon","ROPI","urban_suburban",NA,NA,FALSE,TRUE,TRUE,"Rock Pigeon","Columbiformes","Columbidae","Columba","livia"
"Rock Ptarmigan","ROPT","arctic",NA,NA,FALSE,TRUE,TRUE,"Rock Ptarmigan","Galliformes","Phasianidae","Lagopus","muta"
"Rock Sandpiper","ROSA","waterbirds",2360,"Rock Sandpiper",FALSE,TRUE,TRUE,"Rock Sandpiper","Charadriiformes","Scolopacidae","Calidris","ptilocnemis"
"Rock Wren","ROWR","aridlands",7150,"Rock Wren",TRUE,TRUE,TRUE,"Rock Wren","Passeriformes","Troglodytidae","Salpinctes","obsoletus"
"Roseate Spoonbill","ROSP","coastal",1830,"Roseate Spoonbill",TRUE,TRUE,TRUE,"Roseate Spoonbill","Pelecaniformes","Threskiornithidae","Platalea","ajaja"
"Rose-breasted Grosbeak","RBGR","eastern_forests",5950,"Rose-breasted Grosbeak",TRUE,TRUE,TRUE,"Rose-breasted Grosbeak","Passeriformes","Cardinalidae","Pheucticus","ludovicianus"
"Ross's Goose","ROGO","waterbirds",1700,"Ross's Goose",TRUE,TRUE,TRUE,"Ross's Goose","Anseriformes","Anatidae","Anser","rossii"
"Rough-legged Hawk","RLHA","arctic",3470,"Rough-legged Hawk",TRUE,TRUE,TRUE,"Rough-legged Hawk","Accipitriformes","Accipitridae","Buteo","lagopus"
"Royal Tern","ROYT","coastal",650,"Royal Tern",TRUE,TRUE,TRUE,"Royal Tern","Charadriiformes","Laridae","Thalasseus","maximus"
"Ruby-crowned Kinglet","RCKI","western_forests",7490,"Ruby-crowned Kinglet",TRUE,TRUE,TRUE,"Ruby-crowned Kinglet","Passeriformes","Regulidae","Corthylio","calendula"
"Ruby-throated Hummingbird","RTHU","eastern_forests",4280,"Ruby-throated Hummingbird",TRUE,TRUE,TRUE,"Ruby-throated Hummingbird","Apodiformes","Trochilidae","Archilochus","colubris"
"Ruddy Duck","RUDU","marshlands",1670,"Ruddy Duck",TRUE,TRUE,TRUE,"Ruddy Duck","Anseriformes","Anatidae","Oxyura","jamaicensis"
"Ruddy Turnstone","RUTU","waterbirds",2830,"Ruddy Turnstone",TRUE,TRUE,TRUE,"Ruddy Turnstone","Charadriiformes","Scolopacidae","Arenaria","interpres"
"Ruffed Grouse","RUGR","boreal_forests",NA,NA,FALSE,TRUE,TRUE,"Ruffed Grouse","Galliformes","Phasianidae","Bonasa","umbellus"
"Rufous Hummingbird","RUHU","western_forests",4330,"Rufous Hummingbird",TRUE,TRUE,TRUE,"Rufous Hummingbird","Apodiformes","Trochilidae","Selasphorus","rufus"
"Rufous-crowned Sparrow","RCSP","aridlands",5800,"Rufous-crowned Sparrow",TRUE,TRUE,TRUE,"Rufous-crowned Sparrow","Passeriformes","Passerellidae","Aimophila","ruficeps"
"Rufous-winged Sparrow","RWSP","aridlands",5790,"Rufous-winged Sparrow",TRUE,TRUE,TRUE,"Rufous-winged Sparrow","Passeriformes","Passerellidae","Peucaea","carpalis"
"Rusty Blackbird","RUBL","boreal_forests",5090,"Rusty Blackbird",TRUE,TRUE,TRUE,"Rusty Blackbird","Passeriformes","Icteridae","Euphagus","carolinus"
"Sabine's Gull","SAGU","coastal",620,"Sabine's Gull",TRUE,TRUE,TRUE,"Sabine's Gull","Charadriiformes","Laridae","Xema","sabini"
"Sage Thrasher","SATH","aridlands",7020,"Sage Thrasher",TRUE,TRUE,TRUE,"Sage Thrasher","Passeriformes","Mimidae","Oreoscoptes","montanus"
"Sagebrush Sparrow","SABS","aridlands",NA,NA,FALSE,TRUE,TRUE,"Sagebrush Sparrow","Passeriformes","Passerellidae","Artemisiospiza","nevadensis"
"Saltmarsh Sparrow","SALS","marshlands",5490,"Saltmarsh Sparrow",TRUE,TRUE,TRUE,"Saltmarsh Sparrow","Passeriformes","Passerellidae","Ammospiza","caudacuta"
"Sanderling","SAND","waterbirds",2480,"Sanderling",TRUE,TRUE,TRUE,"Sanderling","Charadriiformes","Scolopacidae","Calidris","alba"
"Sandhill Crane","SACR","marshlands",2060,"Sandhill Crane",TRUE,TRUE,TRUE,"Sandhill Crane","Gruiformes","Gruidae","Antigone","canadensis"
"Sandwich Tern","SATE","coastal",670,"Sandwich Tern",TRUE,TRUE,TRUE,"Sandwich Tern","Charadriiformes","Laridae","Thalasseus","sandvicensis"
"Savannah Sparrow","SAVS","grasslands",5420,"Savannah Sparrow",TRUE,TRUE,TRUE,"Savannah Sparrow","Passeriformes","Passerellidae","Passerculus","sandwichensis"
"Say's Phoebe","SAPH","generalists",4570,"Say's Phoebe",TRUE,TRUE,TRUE,"Say's Phoebe","Passeriformes","Tyrannidae","Sayornis","saya"
"Scaled Quail","SCQU","aridlands",NA,NA,FALSE,TRUE,TRUE,"Scaled Quail","Galliformes","Odontophoridae","Callipepla","squamata"
"Scarlet Tanager","SCTA","eastern_forests",6080,"Scarlet Tanager",TRUE,TRUE,TRUE,"Scarlet Tanager","Passeriformes","Cardinalidae","Piranga","olivacea"
"Scissor-tailed Flycatcher","STFL","grasslands",4430,"Scissor-tailed Flycatcher",TRUE,TRUE,TRUE,"Scissor-tailed Flycatcher","Passeriformes","Tyrannidae","Tyrannus","forficatus"
"Scott's Oriole","SCOR","aridlands",5040,"Scott's Oriole",TRUE,TRUE,TRUE,"Scott's Oriole","Passeriformes","Icteridae","Icterus","parisorum"
"Seaside Sparrow","SESP","coastal",5500,"Seaside Sparrow",TRUE,TRUE,TRUE,"Seaside Sparrow","Passeriformes","Passerellidae","Ammospiza","maritima"
"Sedge Wren","SEWR","grasslands",7240,"Sedge Wren",TRUE,TRUE,TRUE,"Sedge Wren","Passeriformes","Troglodytidae","Cistothorus","stellaris"
"Semipalmated Plover","SEPL","waterbirds",2740,"Semipalmated Plover",TRUE,TRUE,TRUE,"Semipalmated Plover","Charadriiformes","Charadriidae","Charadrius","semipalmatus"
"Semipalmated Sandpiper","SESA","waterbirds",2460,"Semipalmated Sandpiper",TRUE,TRUE,TRUE,"Semipalmated Sandpiper","Charadriiformes","Scolopacidae","Calidris","pusilla"
"Sharp-shinned Hawk","SSHA","western_forests",3320,"Sharp-shinned Hawk",TRUE,TRUE,TRUE,"Sharp-shinned Hawk","Accipitriformes","Accipitridae","Accipiter","striatus"
"Sharp-tailed Grouse","STGR","grasslands",NA,NA,FALSE,TRUE,TRUE,"Sharp-tailed Grouse","Galliformes","Phasianidae","Tympanuchus","phasianellus"
"Short-billed Dowitcher","SBDO","waterbirds",2310,"Short-billed Dowitcher",TRUE,TRUE,TRUE,"Short-billed Dowitcher","Charadriiformes","Scolopacidae","Limnodromus","griseus"
"Short-eared Owl","SEOW","grasslands",3670,"Short-eared Owl",TRUE,TRUE,TRUE,"Short-eared Owl","Strigiformes","Strigidae","Asio","flammeus"
"Short-tailed Hawk","STHA","subtropical_forests",3440,"Short-tailed Hawk",TRUE,TRUE,TRUE,"Short-tailed Hawk","Accipitriformes","Accipitridae","Buteo","brachyurus"
"Smith's Longspur","SMLO","arctic",5370,"Smith's Longspur",TRUE,TRUE,TRUE,"Smith's Longspur","Passeriformes","Calcariidae","Calcarius","pictus"
"Snail Kite","SNKI","marshlands",3300,"Snail Kite",TRUE,TRUE,TRUE,"Snail Kite","Accipitriformes","Accipitridae","Rostrhamus","sociabilis"
"Snow Bunting","SNBU","arctic",5340,"Snow Bunting",TRUE,TRUE,TRUE,"Snow Bunting","Passeriformes","Calcariidae","Plectrophenax","nivalis"
"Snow Goose","SNGO","waterbirds",1690,NA,TRUE,FALSE,TRUE,"Snow Goose (all forms)","Anseriformes","Anatidae","Anser","caerulescens"
"Snowy Egret","SNEG","marshlands",1970,"Snowy Egret",TRUE,TRUE,TRUE,"Snowy Egret","Pelecaniformes","Ardeidae","Egretta","thula"
"Snowy Owl","SNOW","arctic",3760,"Snowy Owl",TRUE,TRUE,TRUE,"Snowy Owl","Strigiformes","Strigidae","Bubo","scandiacus"
"Snowy Plover","SNPL","coastal",2780,"Snowy Plover",TRUE,TRUE,TRUE,"Snowy Plover","Charadriiformes","Charadriidae","Anarhynchus","nivosus"
"Solitary Sandpiper","SOSA","waterbirds",2560,"Solitary Sandpiper",TRUE,TRUE,TRUE,"Solitary Sandpiper","Charadriiformes","Scolopacidae","Tringa","solitaria"
"Song Sparrow","SOSP","generalists",5810,"Song Sparrow",TRUE,TRUE,TRUE,"Song Sparrow","Passeriformes","Passerellidae","Melospiza","melodia"
"Sora","SORA","marshlands",2140,"Sora",TRUE,TRUE,TRUE,"Sora","Gruiformes","Rallidae","Porzana","carolina"
"Spectacled Eider","SPEI","coastal",1580,"Spectacled Eider",TRUE,TRUE,TRUE,"Spectacled Eider","Anseriformes","Anatidae","Somateria","fischeri"
"Spot-breasted Oriole","SBOR","urban_suburban",NA,NA,FALSE,TRUE,TRUE,"Spot-breasted Oriole","Passeriformes","Icteridae","Icterus","pectoralis"
"Spotted Dove","SPDO","urban_suburban",3151,"Spotted Dove",TRUE,TRUE,TRUE,"Spotted Dove","Columbiformes","Columbidae","Streptopelia","chinensis"
"Spotted Owl","SPOW","western_forests",3690,"Spotted Owl",TRUE,TRUE,TRUE,"Spotted Owl","Strigiformes","Strigidae","Strix","occidentalis"
"Spotted Sandpiper","SPSA","waterbirds",2630,"Spotted Sandpiper",TRUE,TRUE,TRUE,"Spotted Sandpiper","Charadriiformes","Scolopacidae","Actitis","macularius"
"Spotted Towhee","SPTO","western_forests",5880,"Spotted Towhee",TRUE,TRUE,TRUE,"Spotted Towhee","Passeriformes","Passerellidae","Pipilo","maculatus"
"Sprague's Pipit","SPPI","grasslands",7000,"Sprague's Pipit",TRUE,TRUE,TRUE,"Sprague's Pipit","Passeriformes","Motacillidae","Anthus","spragueii"
"Spruce Grouse","SPGR","boreal_forests",NA,NA,FALSE,TRUE,TRUE,"Spruce Grouse","Galliformes","Phasianidae","Canachites","canadensis"
"Steller's Eider","STEI","coastal",1570,"Steller's Eider",TRUE,TRUE,TRUE,"Steller's Eider","Anseriformes","Anatidae","Polysticta","stelleri"
"Steller's Jay","STJA","western_forests",4780,"Steller's Jay",TRUE,TRUE,TRUE,"Steller's Jay","Passeriformes","Corvidae","Cyanocitta","stelleri"
"Stilt Sandpiper","STSA","waterbirds",2330,"Stilt Sandpiper",TRUE,TRUE,TRUE,"Stilt Sandpiper","Charadriiformes","Scolopacidae","Calidris","himantopus"
"Sulphur-bellied Flycatcher","SBFL","subtropical_forests",4510,"Sulphur-bellied Flycatcher",TRUE,TRUE,TRUE,"Sulphur-bellied Flycatcher","Passeriformes","Tyrannidae","Myiodynastes","luteiventris"
"Summer Tanager","SUTA","eastern_forests",6100,"Summer Tanager",TRUE,TRUE,TRUE,"Summer Tanager","Passeriformes","Cardinalidae","Piranga","rubra"
"Surf Scoter","SUSC","waterbirds",1660,"Surf Scoter",TRUE,TRUE,TRUE,"Surf Scoter","Anseriformes","Anatidae","Melanitta","perspicillata"
"Surfbird","SURF","waterbirds",2820,"Surfbird",TRUE,TRUE,TRUE,"Surfbird","Charadriiformes","Scolopacidae","Calidris","virgata"
"Swainson's Hawk","SWHA","grasslands",3420,"Swainson's Hawk",TRUE,TRUE,TRUE,"Swainson's Hawk","Accipitriformes","Accipitridae","Buteo","swainsoni"
"Swainson's Thrush","SWTH","boreal_forests",7580,"Swainson's Thrush",TRUE,TRUE,TRUE,"Swainson's Thrush","Passeriformes","Turdidae","Catharus","ustulatus"
"Swainson's Warbler","SWWA","eastern_forests",6380,"Swainson's Warbler",TRUE,TRUE,TRUE,"Swainson's Warbler","Passeriformes","Parulidae","Limnothlypis","swainsonii"
"Swallow-tailed Kite","STKI","subtropical_forests",3270,"Swallow-tailed Kite",TRUE,TRUE,TRUE,"Swallow-tailed Kite","Accipitriformes","Accipitridae","Elanoides","forficatus"
"Swamp Sparrow","SWSP","marshlands",5840,"Swamp Sparrow",TRUE,TRUE,TRUE,"Swamp Sparrow","Passeriformes","Passerellidae","Melospiza","georgiana"
"Tennessee Warbler","TEWA","boreal_forests",6470,"Tennessee Warbler",TRUE,TRUE,TRUE,"Tennessee Warbler","Passeriformes","Parulidae","Leiothlypis","peregrina"
"Thick-billed Kingbird","TBKI","subtropical_forests",4451,"Thick-billed Kingbird",TRUE,TRUE,TRUE,"Thick-billed Kingbird","Passeriformes","Tyrannidae","Tyrannus","crassirostris"
"Thick-billed Murre","TBMU","coastal",310,"Thick-billed Murre",TRUE,TRUE,TRUE,"Thick-billed Murre","Charadriiformes","Alcidae","Uria","lomvia"
"Townsend's Solitaire","TOSO","western_forests",7540,"Townsend's Solitaire",TRUE,TRUE,TRUE,"Townsend's Solitaire","Passeriformes","Turdidae","Myadestes","townsendi"
"Townsend's Warbler","TOWA","western_forests",6680,"Townsend's Warbler",TRUE,TRUE,TRUE,"Townsend's Warbler","Passeriformes","Parulidae","Setophaga","townsendi"
"Tree Swallow","TRES","generalists",6140,"Tree Swallow",TRUE,TRUE,TRUE,"Tree Swallow","Passeriformes","Hirundinidae","Tachycineta","bicolor"
"Tricolored Blackbird","TRBL","marshlands",5000,"Tricolored Blackbird",TRUE,TRUE,TRUE,"Tricolored Blackbird","Passeriformes","Icteridae","Agelaius","tricolor"
"Tricolored Heron","TRHE","marshlands",1990,"Tricolored Heron",TRUE,TRUE,TRUE,"Tricolored Heron","Pelecaniformes","Ardeidae","Egretta","tricolor"
"Tropical Kingbird","TRKI","aridlands",4460,"Tropical Kingbird",TRUE,TRUE,TRUE,"Tropical Kingbird","Passeriformes","Tyrannidae","Tyrannus","melancholicus"
"Tropical Parula","TRPA","subtropical_forests",6490,"Tropical Parula",TRUE,TRUE,TRUE,"Tropical Parula","Passeriformes","Parulidae","Setophaga","pitiayumi"
"Trumpeter Swan","TRUS","waterbirds",1810,"Trumpeter Swan",TRUE,TRUE,TRUE,"Trumpeter Swan","Anseriformes","Anatidae","Cygnus","buccinator"
"Tufted Titmouse","TUTI","eastern_forests",7310,"Tufted Titmouse",TRUE,TRUE,TRUE,"Tufted Titmouse","Passeriformes","Paridae","Baeolophus","bicolor"
"Tundra Swan","TUSW","waterbirds",NA,NA,FALSE,TRUE,TRUE,"Tundra Swan","Anseriformes","Anatidae","Cygnus","columbianus"
"Turkey Vulture","TUVU","generalists",3250,"Turkey Vulture",TRUE,TRUE,TRUE,"Turkey Vulture","Cathartiformes","Cathartidae","Cathartes","aura"
"Upland Sandpiper","UPSA","grasslands",2610,"Upland Sandpiper",TRUE,TRUE,TRUE,"Upland Sandpiper","Charadriiformes","Scolopacidae","Bartramia","longicauda"
"Varied Bunting","VABU","aridlands",6000,"Varied Bunting",TRUE,TRUE,TRUE,"Varied Bunting","Passeriformes","Cardinalidae","Passerina","versicolor"
"Varied Thrush","VATH","western_forests",7630,"Varied Thrush",TRUE,TRUE,TRUE,"Varied Thrush","Passeriformes","Turdidae","Ixoreus","naevius"
"Vaux's Swift","VASW","western_forests",4240,"Vaux's Swift",TRUE,TRUE,TRUE,"Vaux's Swift","Apodiformes","Apodidae","Chaetura","vauxi"
"Veery","VEER","eastern_forests",7560,"Veery",TRUE,TRUE,TRUE,"Veery","Passeriformes","Turdidae","Catharus","fuscescens"
"Verdin","VERD","aridlands",7460,"Verdin",TRUE,TRUE,TRUE,"Verdin","Passeriformes","Remizidae","Auriparus","flaviceps"
"Vermilion Flycatcher","VEFL","aridlands",4710,"Vermilion Flycatcher",TRUE,TRUE,TRUE,"Vermilion Flycatcher","Passeriformes","Tyrannidae","Pyrocephalus","rubinus"
"Vesper Sparrow","VESP","grasslands",5400,"Vesper Sparrow",TRUE,TRUE,TRUE,"Vesper Sparrow","Passeriformes","Passerellidae","Pooecetes","gramineus"
"Violet-green Swallow","VGSW","western_forests",6150,"Violet-green Swallow",TRUE,TRUE,TRUE,"Violet-green Swallow","Passeriformes","Hirundinidae","Tachycineta","thalassina"
"Virginia Rail","VIRA","marshlands",2120,"Virginia Rail",TRUE,TRUE,TRUE,"Virginia Rail","Gruiformes","Rallidae","Rallus","limicola"
"Virginia's Warbler","VIWA","western_forests",6440,"Virginia's Warbler",TRUE,TRUE,TRUE,"Virginia's Warbler","Passeriformes","Parulidae","Leiothlypis","virginiae"
"Wandering Tattler","WATA","waterbirds",2590,"Wandering Tattler",TRUE,TRUE,TRUE,"Wandering Tattler","Charadriiformes","Scolopacidae","Tringa","incana"
"Warbling Vireo","WAVI","generalists",6270,"Warbling Vireo",TRUE,TRUE,TRUE,"Warbling Vireo","Passeriformes","Vireonidae","Vireo","gilvus"
"Western Bluebird","WEBL","western_forests",7670,"Western Bluebird",TRUE,TRUE,TRUE,"Western Bluebird","Passeriformes","Turdidae","Sialia","mexicana"
"Western Grebe","WEGR","marshlands",10,"Western Grebe",TRUE,TRUE,TRUE,"Western Grebe","Podicipediformes","Podicipedidae","Aechmophorus","occidentalis"
"Western Gull","WEGU","coastal",490,"Western Gull",TRUE,TRUE,TRUE,"Western Gull","Charadriiformes","Laridae","Larus","occidentalis"
"Western Kingbird","WEKI","grasslands",4470,"Western Kingbird",TRUE,TRUE,TRUE,"Western Kingbird","Passeriformes","Tyrannidae","Tyrannus","verticalis"
"Western Meadowlark","WEME","grasslands",5011,"Western Meadowlark",TRUE,TRUE,TRUE,"Western Meadowlark","Passeriformes","Icteridae","Sturnella","neglecta"
"Western Sandpiper","WESA","waterbirds",2470,"Western Sandpiper",TRUE,TRUE,TRUE,"Western Sandpiper","Charadriiformes","Scolopacidae","Calidris","mauri"
"Western Screech-Owl","WESO","western_forests",3732,"Western Screech-Owl",TRUE,TRUE,TRUE,"Western Screech-Owl","Strigiformes","Strigidae","Megascops","kennicottii"
"Western Tanager","WETA","western_forests",6070,"Western Tanager",TRUE,TRUE,TRUE,"Western Tanager","Passeriformes","Cardinalidae","Piranga","ludoviciana"
"Western Wood-Pewee","WEWP","western_forests",4620,"Western Wood-Pewee",TRUE,TRUE,TRUE,"Western Wood-Pewee","Passeriformes","Tyrannidae","Contopus","sordidulus"
"Whimbrel","WHIM","waterbirds",2650,"Whimbrel",TRUE,TRUE,TRUE,"Whimbrel","Charadriiformes","Scolopacidae","Numenius","phaeopus"
"Whiskered Screech-Owl","WHSO","subtropical_forests",3731,"Whiskered Screech-Owl",TRUE,TRUE,TRUE,"Whiskered Screech-Owl","Strigiformes","Strigidae","Megascops","trichopsis"
"White Ibis","WHIB","marshlands",1840,"White Ibis",TRUE,TRUE,TRUE,"White Ibis","Pelecaniformes","Threskiornithidae","Eudocimus","albus"
"White-breasted Nuthatch","WBNU","eastern_forests",7270,"White-breasted Nuthatch",TRUE,TRUE,TRUE,"White-breasted Nuthatch","Passeriformes","Sittidae","Sitta","carolinensis"
"White-crowned Pigeon","WCPI","coastal",3140,"White-crowned Pigeon",TRUE,TRUE,TRUE,"White-crowned Pigeon","Columbiformes","Columbidae","Patagioenas","leucocephala"
"White-crowned Sparrow","WCSP","generalists",5540,"White-crowned Sparrow",TRUE,TRUE,TRUE,"White-crowned Sparrow","Passeriformes","Passerellidae","Zonotrichia","leucophrys"
"White-eyed Vireo","WEVI","eastern_forests",6310,"White-eyed Vireo",TRUE,TRUE,TRUE,"White-eyed Vireo","Passeriformes","Vireonidae","Vireo","griseus"
"White-faced Ibis","WFIB","marshlands",1870,"White-faced Ibis",TRUE,TRUE,TRUE,"White-faced Ibis","Pelecaniformes","Threskiornithidae","Plegadis","chihi"
"White-headed Woodpecker","WHWO","western_forests",3990,"White-headed Woodpecker",TRUE,TRUE,TRUE,"White-headed Woodpecker","Piciformes","Picidae","Dryobates","albolarvatus"
"White-rumped Sandpiper","WRSA","waterbirds",2400,"White-rumped Sandpiper",TRUE,TRUE,TRUE,"White-rumped Sandpiper","Charadriiformes","Scolopacidae","Calidris","fuscicollis"
"White-tailed Hawk","WTHA","grasslands",3410,"White-tailed Hawk",TRUE,TRUE,TRUE,"White-tailed Hawk","Accipitriformes","Accipitridae","Geranoaetus","albicaudatus"
"White-tailed Kite","WTKI","aridlands",3280,"White-tailed Kite",TRUE,TRUE,TRUE,"White-tailed Kite","Accipitriformes","Accipitridae","Elanus","leucurus"
"White-throated Sparrow","WTSP","boreal_forests",5580,"White-throated Sparrow",TRUE,TRUE,TRUE,"White-throated Sparrow","Passeriformes","Passerellidae","Zonotrichia","albicollis"
"White-throated Swift","WTSW","aridlands",4250,"White-throated Swift",TRUE,TRUE,TRUE,"White-throated Swift","Apodiformes","Apodidae","Aeronautes","saxatalis"
"White-tipped Dove","WTDO","subtropical_forests",3180,"White-tipped Dove",TRUE,TRUE,TRUE,"White-tipped Dove","Columbiformes","Columbidae","Leptotila","verreauxi"
"White-winged Crossbill","WWCR","boreal_forests",5220,"White-winged Crossbill",TRUE,TRUE,TRUE,"White-winged Crossbill","Passeriformes","Fringillidae","Loxia","leucoptera"
"White-winged Dove","WWDO","aridlands",3190,"White-winged Dove",TRUE,TRUE,TRUE,"White-winged Dove","Columbiformes","Columbidae","Zenaida","asiatica"
"White-winged Scoter","WWSC","waterbirds",1650,"White-winged Scoter",TRUE,TRUE,TRUE,"White-winged Scoter","Anseriformes","Anatidae","Melanitta","deglandi"
"Whooping Crane","WHCR","waterbirds",2040,"Whooping Crane",TRUE,TRUE,TRUE,"Whooping Crane","Gruiformes","Gruidae","Grus","americana"
"Wild Turkey","WITU","generalists",NA,NA,FALSE,TRUE,TRUE,"Wild Turkey","Galliformes","Phasianidae","Meleagris","gallopavo"
"Willet","WILL","waterbirds",2580,"Willet",TRUE,TRUE,TRUE,"Willet","Charadriiformes","Scolopacidae","Tringa","semipalmata"
"Williamson's Sapsucker","WISA","western_forests",4040,"Williamson's Sapsucker",TRUE,TRUE,TRUE,"Williamson's Sapsucker","Piciformes","Picidae","Sphyrapicus","thyroideus"
"Willow Flycatcher","WIFL","western_forests",4660,"Willow Flycatcher",TRUE,TRUE,TRUE,"Willow Flycatcher","Passeriformes","Tyrannidae","Empidonax","traillii"
"Willow Ptarmigan","WIPT","arctic",NA,NA,FALSE,TRUE,TRUE,"Willow Ptarmigan","Galliformes","Phasianidae","Lagopus","lagopus"
"Wilson's Phalarope","WIPH","marshlands",2240,"Wilson's Phalarope",TRUE,TRUE,TRUE,"Wilson's Phalarope","Charadriiformes","Scolopacidae","Phalaropus","tricolor"
"Wilson's Plover","WIPL","coastal",2800,"Wilson's Plover",TRUE,TRUE,TRUE,"Wilson's Plover","Charadriiformes","Charadriidae","Anarhynchus","wilsonia"
"Wilson's Snipe","WISN","marshlands",2300,"Wilson's Snipe",TRUE,TRUE,TRUE,"Wilson's Snipe","Charadriiformes","Scolopacidae","Gallinago","delicata"
"Wilson's Warbler","WIWA","western_forests",6850,"Wilson's Warbler",TRUE,TRUE,TRUE,"Wilson's Warbler","Passeriformes","Parulidae","Cardellina","pusilla"
"Winter Wren","WIWR","eastern_forests",7220,"Winter Wren",TRUE,TRUE,TRUE,"unid. Pacific Wren / Winter Wren","Passeriformes","Troglodytidae","Troglodytes","pacificus / hiemalis"
"Wood Duck","WODU","waterbirds",1440,"Wood Duck",TRUE,TRUE,TRUE,"Wood Duck","Anseriformes","Anatidae","Aix","sponsa"
"Wood Stork","WOST","marshlands",1880,"Wood Stork",TRUE,TRUE,TRUE,"Wood Stork","Ciconiiformes","Ciconiidae","Mycteria","americana"
"Wood Thrush","WOTH","eastern_forests",7550,"Wood Thrush",TRUE,TRUE,TRUE,"Wood Thrush","Passeriformes","Turdidae","Hylocichla","mustelina"
"Woodhouse's Scrub-Jay","WOSJ","western_forests",NA,NA,FALSE,TRUE,TRUE,"Woodhouse's Scrub-Jay","Passeriformes","Corvidae","Aphelocoma","woodhouseii"
"Worm-eating Warbler","WEWA","eastern_forests",6390,"Worm-eating Warbler",TRUE,TRUE,TRUE,"Worm-eating Warbler","Passeriformes","Parulidae","Helmitheros","vermivorum"
"Wrentit","WREN","aridlands",7420,"Wrentit",TRUE,TRUE,TRUE,"Wrentit","Passeriformes","Sylviidae","Chamaea","fasciata"
"Yellow Rail","YERA","marshlands",2150,"Yellow Rail",TRUE,TRUE,TRUE,"Yellow Rail","Gruiformes","Rallidae","Coturnicops","noveboracensis"
"Yellow Warbler","YEWA","boreal_forests",6520,"Yellow Warbler",TRUE,TRUE,TRUE,"Yellow Warbler","Passeriformes","Parulidae","Setophaga","petechia"
"Yellow-bellied Flycatcher","YBFL","boreal_forests",4630,"Yellow-bellied Flycatcher",TRUE,TRUE,TRUE,"Yellow-bellied Flycatcher","Passeriformes","Tyrannidae","Empidonax","flaviventris"
"Yellow-bellied Sapsucker","YBSA","eastern_forests",4020,"Yellow-bellied Sapsucker",TRUE,TRUE,TRUE,"Yellow-bellied Sapsucker","Piciformes","Picidae","Sphyrapicus","varius"
"Yellow-billed Cuckoo","YBCU","eastern_forests",3870,"Yellow-billed Cuckoo",TRUE,TRUE,TRUE,"Yellow-billed Cuckoo","Cuculiformes","Cuculidae","Coccyzus","americanus"
"Yellow-billed Loon","YBLO","waterbirds",80,"Yellow-billed Loon",TRUE,TRUE,TRUE,"Yellow-billed Loon","Gaviiformes","Gaviidae","Gavia","adamsii"
"Yellow-billed Magpie","YBMA","western_forests",4760,"Yellow-billed Magpie",TRUE,TRUE,TRUE,"Yellow-billed Magpie","Passeriformes","Corvidae","Pica","nuttalli"
"Yellow-breasted Chat","YBCH","eastern_forests",6830,"Yellow-breasted Chat",TRUE,TRUE,TRUE,"Yellow-breasted Chat","Passeriformes","Icteriidae","Icteria","virens"
"Yellow-crowned Night-Heron","YCNH","marshlands",2030,"Yellow-crowned Night-Heron",TRUE,FALSE,TRUE,"Yellow-crowned Night Heron","Pelecaniformes","Ardeidae","Nyctanassa","violacea"
"Yellow-eyed Junco","YEJU","subtropical_forests",5700,"Yellow-eyed Junco",TRUE,TRUE,TRUE,"Yellow-eyed Junco","Passeriformes","Passerellidae","Junco","phaeonotus"
"Yellow-footed Gull","YFGU","coastal",491,"Yellow-footed Gull",FALSE,FALSE,FALSE,NA,NA,NA,NA,NA
"Yellow-headed Blackbird","YHBL","marshlands",4970,"Yellow-headed Blackbird",TRUE,TRUE,TRUE,"Yellow-headed Blackbird","Passeriformes","Icteridae","Xanthocephalus","xanthocephalus"
"Yellow-rumped Warbler","YRWA","boreal_forests",6556,NA,TRUE,FALSE,TRUE,"Yellow-rumped Warbler (all forms)","Passeriformes","Parulidae","Setophaga","coronata"
"Yellow-throated Vireo","YTVI","eastern_forests",6280,"Yellow-throated Vireo",TRUE,TRUE,TRUE,"Yellow-throated Vireo","Passeriformes","Vireonidae","Vireo","flavifrons"
"Yellow-throated Warbler","YTWA","eastern_forests",6630,"Yellow-throated Warbler",TRUE,TRUE,TRUE,"Yellow-throated Warbler","Passeriformes","Parulidae","Setophaga","dominica"
"Zone-tailed Hawk","ZTHA","western_forests",3400,"Zone-tailed Hawk",TRUE,TRUE,TRUE,"Zone-tailed Hawk","Accipitriformes","Accipitridae","Buteo","albonotatus"
